label,has_quorum_intersection,top_tier_size,mbs_min,mbs_max,mbs_mean,mss_min,mss_max,mss_mean,mq_min,mq_max,mq_mean,orgs_top_tier_size,orgs_mbs_min,orgs_mbs_max,orgs_mbs_mean,orgs_mss_min,orgs_mss_max,orgs_mss_mean,orgs_mq_min,orgs_mq_max,orgs_mq_mean,isps_top_tier_size,isps_mbs_min,isps_mbs_max,isps_mbs_mean,isps_mss_min,isps_mss_max,isps_mss_mean,isps_mq_min,isps_mq_max,isps_mq_mean,ctries_top_tier_size,ctries_mbs_min,ctries_mbs_max,ctries_mbs_mean,ctries_mss_min,ctries_mss_max,ctries_mss_mean,ctries_mq_min,ctries_mq_max,ctries_mq_mean,standard_form_hash,analysis_duration_mq,analysis_duration_mbs,analysis_duration_mss,analysis_duration_total
2021-08-24,true,10,3,3,3.0,6,6,6.0,8,8,8.0,7,1,3,2.5625,3,5,4.0,5,6,5.090909090909091,2,1,1,1.0,1,1,1.0,1,1,1.0,3,1,2,1.5,1,1,1.0,2,2,2.0,3bd451de238e5e5a28cb15963ad1ce757d8ed51fe62b98583e4fee7a4b04ac7a,0.000351675,0.000417572,0.001080068,0.003922703
2021-08-25,true,10,3,3,3.0,6,6,6.0,8,8,8.0,7,1,3,2.5625,3,5,4.0,5,6,5.090909090909091,2,1,1,1.0,1,1,1.0,1,1,1.0,3,1,2,1.5,1,1,1.0,2,2,2.0,3bd451de238e5e5a28cb15963ad1ce757d8ed51fe62b98583e4fee7a4b04ac7a,0.000350205,0.000420272,0.001071771,0.003909947
2021-08-26,true,10,3,3,3.0,6,6,6.0,8,8,8.0,7,1,3,2.5625,3,5,4.0,5,6,5.090909090909091,2,1,1,1.0,1,1,1.0,1,1,1.0,3,1,2,1.5,1,1,1.0,2,2,2.0,3bd451de238e5e5a28cb15963ad1ce757d8ed51fe62b98583e4fee7a4b04ac7a,0.000264471,0.000303552,0.00098815,0.003222252
2021-08-27,true,10,3,3,3.0,6,6,6.0,8,8,8.0,7,1,3,2.5625,3,5,4.0,5,6,5.090909090909091,2,1,1,1.0,1,1,1.0,1,1,1.0,3,1,2,1.5,1,1,1.0,2,2,2.0,3bd451de238e5e5a28cb15963ad1ce757d8ed51fe62b98583e4fee7a4b04ac7a,0.000259604,0.000303333,0.00098111,0.003309216
2021-08-28,true,10,3,3,3.0,6,6,6.0,8,8,8.0,7,1,3,2.5625,3,5,4.0,5,6,5.090909090909091,2,1,1,1.0,1,1,1.0,1,1,1.0,3,1,2,1.5,1,1,1.0,2,2,2.0,3bd451de238e5e5a28cb15963ad1ce757d8ed51fe62b98583e4fee7a4b04ac7a,0.000206149,0.000240498,0.000790885,0.002619401
2021-08-29,true,10,3,3,3.0,6,6,6.0,8,8,8.0,7,1,3,2.5625,3,5,4.0,5,6,5.090909090909091,2,1,1,1.0,1,1,1.0,1,1,1.0,3,1,2,1.5,1,1,1.0,2,2,2.0,3bd451de238e5e5a28cb15963ad1ce757d8ed51fe62b98583e4fee7a4b04ac7a,0.000208988,0.000240734,0.000791898,0.002632026
2021-08-30,true,10,3,3,3.0,6,6,6.0,8,8,8.0,7,1,3,2.5625,3,5,4.0,5,6,5.090909090909091,2,1,1,1.0,1,1,1.0,1,1,1.0,3,1,2,1.5,1,1,1.0,2,2,2.0,3bd451de238e5e5a28cb15963ad1ce757d8ed51fe62b98583e4fee7a4b04ac7a,0.000206359,0.000238073,0.000810694,0.002566076
2021-08-31,true,10,3,3,3.0,6,6,6.0,8,8,8.0,7,1,3,2.5625,3,5,4.0,5,6,5.090909090909091,2,1,1,1.0,1,1,1.0,1,1,1.0,3,1,2,1.5,1,1,1.0,2,2,2.0,3bd451de238e5e5a28cb15963ad1ce757d8ed51fe62b98583e4fee7a4b04ac7a,0.000207463,0.000239997,0.000809375,0.002579833
2021-09-01,true,10,3,3,3.0,6,6,6.0,8,8,8.0,7,1,3,2.5625,3,5,4.0,5,6,5.090909090909091,2,1,1,1.0,1,1,1.0,1,1,1.0,3,1,2,1.5,1,1,1.0,2,2,2.0,3bd451de238e5e5a28cb15963ad1ce757d8ed51fe62b98583e4fee7a4b04ac7a,0.000175307,0.000198976,0.000653714,0.002189036
2021-09-02,true,10,3,3,3.0,6,6,6.0,8,8,8.0,7,1,3,2.5625,3,5,4.0,5,6,5.090909090909091,2,1,1,1.0,1,1,1.0,1,1,1.0,3,1,2,1.5,1,1,1.0,2,2,2.0,3bd451de238e5e5a28cb15963ad1ce757d8ed51fe62b98583e4fee7a4b04ac7a,0.000173192,0.000198947,0.000659156,0.002205294
2021-09-03,true,10,3,3,3.0,6,6,6.0,8,8,8.0,7,1,3,2.5625,3,5,4.0,5,6,5.090909090909091,2,1,1,1.0,1,1,1.0,1,1,1.0,3,1,2,1.5,1,1,1.0,2,2,2.0,3bd451de238e5e5a28cb15963ad1ce757d8ed51fe62b98583e4fee7a4b04ac7a,0.000188764,0.000201218,0.000660428,0.002206635
2021-09-04,true,10,3,3,3.0,6,6,6.0,8,8,8.0,7,1,3,2.5625,3,5,4.0,5,6,5.090909090909091,2,1,1,1.0,1,1,1.0,1,1,1.0,3,1,2,1.5,1,1,1.0,2,2,2.0,3bd451de238e5e5a28cb15963ad1ce757d8ed51fe62b98583e4fee7a4b04ac7a,0.000172998,0.000199877,0.000658938,0.002219142
2021-09-05,true,10,3,3,3.0,6,6,6.0,8,8,8.0,7,1,3,2.5625,3,5,4.0,5,6,5.090909090909091,2,1,1,1.0,1,1,1.0,1,1,1.0,3,1,2,1.5,1,1,1.0,2,2,2.0,3bd451de238e5e5a28cb15963ad1ce757d8ed51fe62b98583e4fee7a4b04ac7a,0.000162061,0.000174587,0.000566378,0.001921314
2021-09-06,true,10,3,3,3.0,6,6,6.0,8,8,8.0,7,1,3,2.5625,3,5,4.0,5,6,5.090909090909091,2,1,1,1.0,1,1,1.0,1,1,1.0,3,1,2,1.5,1,1,1.0,2,2,2.0,3bd451de238e5e5a28cb15963ad1ce757d8ed51fe62b98583e4fee7a4b04ac7a,0.000147545,0.000171382,0.000565588,0.001891862
2021-09-07,true,10,3,3,3.0,6,6,6.0,8,8,8.0,7,1,3,2.5625,3,5,4.0,5,6,5.090909090909091,2,1,1,1.0,1,1,1.0,1,1,1.0,3,1,2,1.5,1,1,1.0,2,2,2.0,3bd451de238e5e5a28cb15963ad1ce757d8ed51fe62b98583e4fee7a4b04ac7a,0.000149235,0.00017218,0.0005605,0.001879326
2021-09-08,true,10,3,3,3.0,6,6,6.0,8,8,8.0,7,1,3,2.5625,3,5,4.0,5,6,5.090909090909091,2,1,1,1.0,1,1,1.0,1,1,1.0,3,1,2,1.5,1,1,1.0,2,2,2.0,3bd451de238e5e5a28cb15963ad1ce757d8ed51fe62b98583e4fee7a4b04ac7a,0.000146973,0.000170319,0.00056778,0.001912149
2021-09-09,true,10,3,3,3.0,6,6,6.0,8,8,8.0,7,1,3,2.5625,3,5,4.0,5,6,5.090909090909091,2,1,1,1.0,1,1,1.0,1,1,1.0,3,1,2,1.5,1,1,1.0,2,2,2.0,3bd451de238e5e5a28cb15963ad1ce757d8ed51fe62b98583e4fee7a4b04ac7a,0.00014917,0.000170768,0.000560903,0.001795615
2021-09-10,true,10,3,3,3.0,6,6,6.0,8,8,8.0,7,1,3,2.5625,3,5,4.0,5,6,5.090909090909091,2,1,1,1.0,1,1,1.0,1,1,1.0,3,1,2,1.5,1,1,1.0,2,2,2.0,3bd451de238e5e5a28cb15963ad1ce757d8ed51fe62b98583e4fee7a4b04ac7a,0.000148617,0.000170251,0.00056677,0.001801526
2021-09-11,true,10,3,3,3.0,6,6,6.0,8,8,8.0,7,1,3,2.5625,3,5,4.0,5,6,5.090909090909091,2,1,1,1.0,1,1,1.0,1,1,1.0,3,1,2,1.5,1,1,1.0,2,2,2.0,3bd451de238e5e5a28cb15963ad1ce757d8ed51fe62b98583e4fee7a4b04ac7a,0.000129587,0.000150613,0.000504166,0.001640414
2021-09-12,true,10,3,3,3.0,6,6,6.0,8,8,8.0,7,1,3,2.5625,3,5,4.0,5,6,5.090909090909091,2,1,1,1.0,1,1,1.0,1,1,1.0,3,1,2,1.5,1,1,1.0,2,2,2.0,3bd451de238e5e5a28cb15963ad1ce757d8ed51fe62b98583e4fee7a4b04ac7a,0.000128657,0.00015325,0.000495277,0.001662819
2021-09-13,true,10,3,3,3.0,6,6,6.0,8,8,8.0,7,1,3,2.5625,3,5,4.0,5,6,5.090909090909091,2,1,1,1.0,1,1,1.0,1,1,1.0,3,1,2,1.5,1,1,1.0,2,2,2.0,3bd451de238e5e5a28cb15963ad1ce757d8ed51fe62b98583e4fee7a4b04ac7a,0.000129478,0.000149214,0.000496509,0.001628499
2021-09-14,true,10,3,3,3.0,6,6,6.0,8,8,8.0,7,1,3,2.5625,3,5,4.0,5,6,5.090909090909091,2,1,1,1.0,1,1,1.0,1,1,1.0,3,1,2,1.5,1,1,1.0,2,2,2.0,3bd451de238e5e5a28cb15963ad1ce757d8ed51fe62b98583e4fee7a4b04ac7a,0.000129093,0.000149652,0.000496709,0.001647273
2021-09-15,true,10,3,3,3.0,6,6,6.0,8,8,8.0,7,1,3,2.5625,3,5,4.0,5,6,5.090909090909091,2,1,1,1.0,1,1,1.0,1,1,1.0,3,1,2,1.5,1,1,1.0,2,2,2.0,3bd451de238e5e5a28cb15963ad1ce757d8ed51fe62b98583e4fee7a4b04ac7a,0.000129448,0.000150769,0.000494134,0.001605649
2021-09-16,true,10,3,3,3.0,6,6,6.0,8,8,8.0,7,1,3,2.5625,3,5,4.0,5,6,5.090909090909091,2,1,1,1.0,1,1,1.0,1,1,1.0,3,1,2,1.5,1,1,1.0,2,2,2.0,3bd451de238e5e5a28cb15963ad1ce757d8ed51fe62b98583e4fee7a4b04ac7a,0.000128413,0.000150098,0.000502369,0.00159138
2021-09-17,true,10,3,3,3.0,6,6,6.0,8,8,8.0,7,1,3,2.5625,3,5,4.0,5,6,5.090909090909091,2,1,1,1.0,1,1,1.0,1,1,1.0,3,1,2,1.5,1,1,1.0,2,2,2.0,3bd451de238e5e5a28cb15963ad1ce757d8ed51fe62b98583e4fee7a4b04ac7a,0.000114631,0.000132987,0.000437272,0.00144976
2021-09-18,true,10,3,3,3.0,6,6,6.0,8,8,8.0,7,1,3,2.5625,3,5,4.0,5,6,5.090909090909091,2,1,1,1.0,1,1,1.0,1,1,1.0,3,1,2,1.5,1,1,1.0,2,2,2.0,3bd451de238e5e5a28cb15963ad1ce757d8ed51fe62b98583e4fee7a4b04ac7a,0.000116086,0.000133538,0.000440661,0.001479737
2021-09-19,true,10,3,3,3.0,6,6,6.0,8,8,8.0,7,1,3,2.5625,3,5,4.0,5,6,5.090909090909091,2,1,1,1.0,1,1,1.0,1,1,1.0,3,1,2,1.5,1,1,1.0,2,2,2.0,3bd451de238e5e5a28cb15963ad1ce757d8ed51fe62b98583e4fee7a4b04ac7a,0.000114989,0.00013261,0.00044045,0.001430509
2021-09-20,true,10,3,3,3.0,6,6,6.0,8,8,8.0,7,1,3,2.5625,3,5,4.0,5,6,5.090909090909091,2,1,1,1.0,1,1,1.0,1,1,1.0,3,1,2,1.5,1,1,1.0,2,2,2.0,3bd451de238e5e5a28cb15963ad1ce757d8ed51fe62b98583e4fee7a4b04ac7a,0.000116293,0.000133254,0.000442524,0.001457855
2021-09-21,true,10,3,3,3.0,6,6,6.0,8,8,8.0,7,1,3,2.5625,3,5,4.0,5,6,5.090909090909091,2,1,1,1.0,1,1,1.0,1,1,1.0,3,1,2,1.5,1,1,1.0,2,2,2.0,3bd451de238e5e5a28cb15963ad1ce757d8ed51fe62b98583e4fee7a4b04ac7a,0.00011547,0.000132205,0.0004521,0.001467597
2021-09-22,true,10,3,3,3.0,6,6,6.0,8,8,8.0,7,1,3,2.5625,3,5,4.0,5,6,5.090909090909091,2,1,1,1.0,1,1,1.0,1,1,1.0,3,1,2,1.5,1,1,1.0,2,2,2.0,3bd451de238e5e5a28cb15963ad1ce757d8ed51fe62b98583e4fee7a4b04ac7a,0.000114321,0.000131601,0.000455699,0.001491889
2021-09-23,true,10,3,3,3.0,6,6,6.0,8,8,8.0,7,1,3,2.5625,3,5,4.0,5,6,5.090909090909091,2,1,1,1.0,1,1,1.0,1,1,1.0,3,1,2,1.5,1,1,1.0,2,2,2.0,3bd451de238e5e5a28cb15963ad1ce757d8ed51fe62b98583e4fee7a4b04ac7a,0.000124881,0.000129507,0.000426429,0.001427715
2021-09-24,true,10,3,3,3.0,6,6,6.0,8,8,8.0,7,1,3,2.5625,3,5,4.0,5,6,5.090909090909091,2,1,1,1.0,1,1,1.0,1,1,1.0,3,1,2,1.5,1,1,1.0,2,2,2.0,3bd451de238e5e5a28cb15963ad1ce757d8ed51fe62b98583e4fee7a4b04ac7a,0.000111676,0.000129096,0.000430872,0.001434017
2021-09-25,true,10,3,3,3.0,6,6,6.0,8,8,8.0,7,1,3,2.5625,3,5,4.0,5,6,5.090909090909091,2,1,1,1.0,1,1,1.0,1,1,1.0,3,1,2,1.5,1,1,1.0,2,2,2.0,3bd451de238e5e5a28cb15963ad1ce757d8ed51fe62b98583e4fee7a4b04ac7a,0.000111587,0.000129283,0.000423372,0.001407197
2021-09-26,true,10,3,3,3.0,6,6,6.0,8,8,8.0,7,1,3,2.5625,3,5,4.0,5,6,5.090909090909091,2,1,1,1.0,1,1,1.0,1,1,1.0,3,1,2,1.5,1,1,1.0,2,2,2.0,3bd451de238e5e5a28cb15963ad1ce757d8ed51fe62b98583e4fee7a4b04ac7a,0.000111922,0.000128138,0.000428443,0.001420347
2021-09-27,true,10,3,3,3.0,6,6,6.0,8,8,8.0,7,1,3,2.5625,3,5,4.0,5,6,5.090909090909091,2,1,1,1.0,1,1,1.0,1,1,1.0,3,1,2,1.5,1,1,1.0,2,2,2.0,3bd451de238e5e5a28cb15963ad1ce757d8ed51fe62b98583e4fee7a4b04ac7a,0.000111979,0.000130576,0.000440171,0.001443504
2021-09-28,true,10,3,3,3.0,6,6,6.0,8,8,8.0,7,1,3,2.5625,3,5,4.0,5,6,5.090909090909091,2,1,1,1.0,1,1,1.0,1,1,1.0,3,1,2,1.5,1,1,1.0,2,2,2.0,3bd451de238e5e5a28cb15963ad1ce757d8ed51fe62b98583e4fee7a4b04ac7a,0.000112265,0.000128971,0.000430991,0.001449298
2021-09-29,true,10,3,3,3.0,6,6,6.0,8,8,8.0,7,1,3,2.5625,3,5,4.0,5,6,5.090909090909091,2,1,1,1.0,1,1,1.0,1,1,1.0,3,1,2,1.5,1,1,1.0,2,2,2.0,3bd451de238e5e5a28cb15963ad1ce757d8ed51fe62b98583e4fee7a4b04ac7a,0.000112518,0.000130592,0.000428643,0.001420327
2021-09-30,true,10,3,3,3.0,6,6,6.0,8,8,8.0,7,1,3,2.5625,3,5,4.0,5,6,5.090909090909091,2,1,1,1.0,1,1,1.0,1,1,1.0,3,1,2,1.5,1,1,1.0,2,2,2.0,3bd451de238e5e5a28cb15963ad1ce757d8ed51fe62b98583e4fee7a4b04ac7a,0.000112348,0.000128865,0.000424954,0.001424836
2021-10-01,true,10,3,3,3.0,6,6,6.0,8,8,8.0,7,1,3,2.5625,3,5,4.0,5,6,5.090909090909091,2,1,1,1.0,1,1,1.0,1,1,1.0,3,1,2,1.5,1,1,1.0,2,2,2.0,3bd451de238e5e5a28cb15963ad1ce757d8ed51fe62b98583e4fee7a4b04ac7a,0.000112497,0.000130804,0.000425527,0.001396622
2021-10-02,true,10,3,3,3.0,6,6,6.0,8,8,8.0,7,1,3,2.5625,3,5,4.0,5,6,5.090909090909091,2,1,1,1.0,1,1,1.0,1,1,1.0,3,1,2,1.5,1,1,1.0,2,2,2.0,3bd451de238e5e5a28cb15963ad1ce757d8ed51fe62b98583e4fee7a4b04ac7a,0.000112941,0.000129157,0.000430141,0.001442445
2021-10-03,true,10,3,3,3.0,6,6,6.0,8,8,8.0,7,1,3,2.5625,3,5,4.0,5,6,5.090909090909091,2,1,1,1.0,1,1,1.0,1,1,1.0,3,1,2,1.5,1,1,1.0,2,2,2.0,3bd451de238e5e5a28cb15963ad1ce757d8ed51fe62b98583e4fee7a4b04ac7a,0.000111859,0.000130675,0.000431039,0.001422664
2021-10-04,true,10,3,3,3.0,6,6,6.0,8,8,8.0,7,1,3,2.5625,3,5,4.0,5,6,5.090909090909091,2,1,1,1.0,1,1,1.0,1,1,1.0,3,1,2,1.5,1,1,1.0,2,2,2.0,3bd451de238e5e5a28cb15963ad1ce757d8ed51fe62b98583e4fee7a4b04ac7a,0.000111571,0.000129568,0.000430932,0.001440045
2021-10-05,true,10,3,3,3.0,6,6,6.0,8,8,8.0,7,1,3,2.5625,3,5,4.0,5,6,5.090909090909091,2,1,1,1.0,1,1,1.0,1,1,1.0,3,1,2,1.5,1,1,1.0,2,2,2.0,3bd451de238e5e5a28cb15963ad1ce757d8ed51fe62b98583e4fee7a4b04ac7a,0.000111343,0.00012961,0.000429659,0.00141347
2021-10-06,true,10,3,3,3.0,6,6,6.0,8,8,8.0,7,1,3,2.5625,3,5,4.0,5,6,5.090909090909091,2,1,1,1.0,1,1,1.0,1,1,1.0,3,1,2,1.5,1,1,1.0,2,2,2.0,3bd451de238e5e5a28cb15963ad1ce757d8ed51fe62b98583e4fee7a4b04ac7a,0.000111927,0.000129124,0.000429663,0.001424275
2021-10-07,true,10,3,3,3.0,6,6,6.0,8,8,8.0,7,1,3,2.5625,3,5,4.0,5,6,5.090909090909091,2,1,1,1.0,1,1,1.0,1,1,1.0,3,1,2,1.5,1,1,1.0,2,2,2.0,3bd451de238e5e5a28cb15963ad1ce757d8ed51fe62b98583e4fee7a4b04ac7a,0.000111852,0.000129786,0.00043062,0.001423965
2021-10-08,true,10,3,3,3.0,6,6,6.0,8,8,8.0,7,1,3,2.5625,3,5,4.0,5,6,5.090909090909091,2,1,1,1.0,1,1,1.0,1,1,1.0,3,1,2,1.5,1,1,1.0,2,2,2.0,3bd451de238e5e5a28cb15963ad1ce757d8ed51fe62b98583e4fee7a4b04ac7a,0.000112533,0.000129603,0.000428522,0.001410322
2021-10-09,true,10,3,3,3.0,6,6,6.0,8,8,8.0,7,1,3,2.5625,3,5,4.0,5,6,5.090909090909091,2,1,1,1.0,1,1,1.0,1,1,1.0,3,1,2,1.5,1,1,1.0,2,2,2.0,3bd451de238e5e5a28cb15963ad1ce757d8ed51fe62b98583e4fee7a4b04ac7a,0.000111335,0.000129956,0.000429418,0.001420777
2021-10-10,true,10,3,3,3.0,6,6,6.0,8,8,8.0,7,1,3,2.5625,3,5,4.0,5,6,5.090909090909091,2,1,1,1.0,1,1,1.0,1,1,1.0,3,1,2,1.5,1,1,1.0,2,2,2.0,3bd451de238e5e5a28cb15963ad1ce757d8ed51fe62b98583e4fee7a4b04ac7a,0.000112047,0.000129204,0.000425785,0.001426542
2021-10-11,true,10,3,3,3.0,6,6,6.0,8,8,8.0,7,1,3,2.5625,3,5,4.0,5,6,5.090909090909091,2,1,1,1.0,1,1,1.0,1,1,1.0,3,1,2,1.5,1,1,1.0,2,2,2.0,3bd451de238e5e5a28cb15963ad1ce757d8ed51fe62b98583e4fee7a4b04ac7a,0.000111355,0.000130909,0.000431511,0.001424778
2021-10-12,true,9,2,2,2.0,7,7,7.0,8,8,8.0,6,1,2,1.75,4,5,4.142857142857143,5,5,5.0,1,1,1,1.0,1,1,1.0,1,1,1.0,2,1,1,1.0,1,1,1.0,2,2,2.0,fb9dda95d41bd765c20e5c56f4964b0251fe88d413c04d84c6e45c44bd41aad3,0.000037928,0.000045396,0.000100544,0.000537407
2021-10-13,true,10,3,3,3.0,6,6,6.0,8,8,8.0,7,1,3,2.5625,3,5,4.0,5,6,5.090909090909091,2,1,1,1.0,1,1,1.0,1,1,1.0,3,1,2,1.5,1,1,1.0,2,2,2.0,3bd451de238e5e5a28cb15963ad1ce757d8ed51fe62b98583e4fee7a4b04ac7a,0.00011163,0.000129419,0.00044095,0.001417519
2021-10-14,true,10,3,3,3.0,6,6,6.0,8,8,8.0,7,1,3,2.5625,3,5,4.0,5,6,5.090909090909091,2,1,1,1.0,1,1,1.0,1,1,1.0,3,1,2,1.5,1,1,1.0,2,2,2.0,3bd451de238e5e5a28cb15963ad1ce757d8ed51fe62b98583e4fee7a4b04ac7a,0.000112851,0.000130416,0.000428668,0.001420931
2021-10-15,true,10,3,3,3.0,6,6,6.0,8,8,8.0,7,1,3,2.5625,3,5,4.0,5,6,5.090909090909091,2,1,1,1.0,1,1,1.0,1,1,1.0,3,1,2,1.5,1,1,1.0,2,2,2.0,3bd451de238e5e5a28cb15963ad1ce757d8ed51fe62b98583e4fee7a4b04ac7a,0.000112974,0.000129188,0.000440518,0.001435558
2021-10-16,true,10,3,3,3.0,6,6,6.0,8,8,8.0,7,1,3,2.5625,3,5,4.0,5,6,5.090909090909091,2,1,1,1.0,1,1,1.0,1,1,1.0,3,1,2,1.5,1,1,1.0,2,2,2.0,3bd451de238e5e5a28cb15963ad1ce757d8ed51fe62b98583e4fee7a4b04ac7a,0.000112084,0.000128785,0.000425516,0.001406516
2021-10-17,true,10,3,3,3.0,6,6,6.0,8,8,8.0,7,1,3,2.5625,3,5,4.0,5,6,5.090909090909091,2,1,1,1.0,1,1,1.0,1,1,1.0,3,1,2,1.5,1,1,1.0,2,2,2.0,3bd451de238e5e5a28cb15963ad1ce757d8ed51fe62b98583e4fee7a4b04ac7a,0.000112898,0.000129126,0.000439654,0.001433516
2021-10-18,true,10,3,3,3.0,6,6,6.0,8,8,8.0,7,1,3,2.5625,3,5,4.0,5,6,5.090909090909091,2,1,1,1.0,1,1,1.0,1,1,1.0,3,1,2,1.5,1,1,1.0,2,2,2.0,3bd451de238e5e5a28cb15963ad1ce757d8ed51fe62b98583e4fee7a4b04ac7a,0.000112293,0.00012941,0.000430698,0.001410081
2021-10-19,true,10,3,3,3.0,6,6,6.0,8,8,8.0,7,1,3,2.5625,3,5,4.0,5,6,5.090909090909091,2,1,1,1.0,1,1,1.0,1,1,1.0,3,1,2,1.5,1,1,1.0,2,2,2.0,3bd451de238e5e5a28cb15963ad1ce757d8ed51fe62b98583e4fee7a4b04ac7a,0.000112296,0.000140633,0.000429618,0.001431612
2021-10-20,true,10,3,3,3.0,6,6,6.0,8,8,8.0,7,1,3,2.5625,3,5,4.0,5,6,5.090909090909091,2,1,1,1.0,1,1,1.0,1,1,1.0,3,1,2,1.5,1,1,1.0,2,2,2.0,3bd451de238e5e5a28cb15963ad1ce757d8ed51fe62b98583e4fee7a4b04ac7a,0.000111308,0.000130143,0.000435135,0.001414431
2021-10-21,true,10,3,3,3.0,6,6,6.0,8,8,8.0,7,1,3,2.5625,3,5,4.0,5,6,5.090909090909091,2,1,1,1.0,1,1,1.0,1,1,1.0,3,1,2,1.5,1,1,1.0,2,2,2.0,3bd451de238e5e5a28cb15963ad1ce757d8ed51fe62b98583e4fee7a4b04ac7a,0.00011266,0.000139801,0.000431605,0.0014302
2021-10-22,true,10,3,3,3.0,6,6,6.0,8,8,8.0,7,1,3,2.5625,3,5,4.0,5,6,5.090909090909091,2,1,1,1.0,1,1,1.0,1,1,1.0,3,1,2,1.5,1,1,1.0,2,2,2.0,3bd451de238e5e5a28cb15963ad1ce757d8ed51fe62b98583e4fee7a4b04ac7a,0.000113064,0.000129449,0.000432641,0.001420354
2021-10-23,true,10,3,3,3.0,6,6,6.0,8,8,8.0,7,1,3,2.5625,3,5,4.0,5,6,5.090909090909091,2,1,1,1.0,1,1,1.0,1,1,1.0,3,1,2,1.5,1,1,1.0,2,2,2.0,3bd451de238e5e5a28cb15963ad1ce757d8ed51fe62b98583e4fee7a4b04ac7a,0.000112308,0.000141094,0.000431709,0.001435224
2021-10-24,true,10,3,3,3.0,6,6,6.0,8,8,8.0,7,1,3,2.5625,3,5,4.0,5,6,5.090909090909091,2,1,1,1.0,1,1,1.0,1,1,1.0,3,1,2,1.5,1,1,1.0,2,2,2.0,3bd451de238e5e5a28cb15963ad1ce757d8ed51fe62b98583e4fee7a4b04ac7a,0.000111878,0.000129925,0.000431889,0.00141266
2021-10-25,true,10,3,3,3.0,6,6,6.0,8,8,8.0,7,1,3,2.5625,3,5,4.0,5,6,5.090909090909091,2,1,1,1.0,1,1,1.0,1,1,1.0,3,1,2,1.5,1,1,1.0,2,2,2.0,3bd451de238e5e5a28cb15963ad1ce757d8ed51fe62b98583e4fee7a4b04ac7a,0.000112228,0.000140967,0.000428618,0.001436386
2021-10-26,true,10,3,3,3.0,6,6,6.0,8,8,8.0,7,1,3,2.5625,3,5,4.0,5,6,5.090909090909091,2,1,1,1.0,1,1,1.0,1,1,1.0,3,1,2,1.5,1,1,1.0,2,2,2.0,3bd451de238e5e5a28cb15963ad1ce757d8ed51fe62b98583e4fee7a4b04ac7a,0.000112326,0.000129933,0.000436002,0.001414272
2021-10-27,true,10,3,3,3.0,6,6,6.0,8,8,8.0,7,1,3,2.5625,3,5,4.0,5,6,5.090909090909091,2,1,1,1.0,1,1,1.0,1,1,1.0,3,1,2,1.5,1,1,1.0,2,2,2.0,3bd451de238e5e5a28cb15963ad1ce757d8ed51fe62b98583e4fee7a4b04ac7a,0.000112911,0.000140512,0.000428532,0.001439459
2021-10-28,true,10,3,3,3.0,6,6,6.0,8,8,8.0,7,1,3,2.5625,3,5,4.0,5,6,5.090909090909091,2,1,1,1.0,1,1,1.0,1,1,1.0,3,1,2,1.5,1,1,1.0,2,2,2.0,3bd451de238e5e5a28cb15963ad1ce757d8ed51fe62b98583e4fee7a4b04ac7a,0.00011124,0.000129392,0.000430629,0.001390957
2021-10-29,true,10,3,3,3.0,6,6,6.0,8,8,8.0,7,1,3,2.5625,3,5,4.0,5,6,5.090909090909091,2,1,1,1.0,1,1,1.0,1,1,1.0,3,1,2,1.5,1,1,1.0,2,2,2.0,3bd451de238e5e5a28cb15963ad1ce757d8ed51fe62b98583e4fee7a4b04ac7a,0.000118792,0.000131946,0.00042848,0.001428447
2021-10-30,true,10,3,3,3.0,6,6,6.0,8,8,8.0,7,1,3,2.5625,3,5,4.0,5,6,5.090909090909091,2,1,1,1.0,1,1,1.0,1,1,1.0,3,1,2,1.5,1,1,1.0,2,2,2.0,3bd451de238e5e5a28cb15963ad1ce757d8ed51fe62b98583e4fee7a4b04ac7a,0.000111,0.000128902,0.000429171,0.001394901
2021-10-31,true,10,3,3,3.0,6,6,6.0,8,8,8.0,7,1,3,2.5625,3,5,4.0,5,6,5.090909090909091,2,1,1,1.0,1,1,1.0,1,1,1.0,3,1,2,1.5,1,1,1.0,2,2,2.0,3bd451de238e5e5a28cb15963ad1ce757d8ed51fe62b98583e4fee7a4b04ac7a,0.000121694,0.000130703,0.000438065,0.00144024
2021-11-01,true,10,3,3,3.0,6,6,6.0,8,8,8.0,7,1,3,2.5625,3,5,4.0,5,6,5.090909090909091,2,1,1,1.0,1,1,1.0,1,1,1.0,3,1,2,1.5,1,1,1.0,2,2,2.0,3bd451de238e5e5a28cb15963ad1ce757d8ed51fe62b98583e4fee7a4b04ac7a,0.000111164,0.000142201,0.000429862,0.001414395
2021-11-02,true,10,3,3,3.0,6,6,6.0,8,8,8.0,7,1,3,2.5625,3,5,4.0,5,6,5.090909090909091,2,1,1,1.0,1,1,1.0,1,1,1.0,3,1,2,1.5,1,1,1.0,2,2,2.0,3bd451de238e5e5a28cb15963ad1ce757d8ed51fe62b98583e4fee7a4b04ac7a,0.000122089,0.000131495,0.000426983,0.001445007
2021-11-03,true,10,3,3,3.0,6,6,6.0,8,8,8.0,7,1,3,2.5625,3,5,4.0,5,6,5.090909090909091,2,1,1,1.0,1,1,1.0,1,1,1.0,3,1,2,1.5,1,1,1.0,2,2,2.0,3bd451de238e5e5a28cb15963ad1ce757d8ed51fe62b98583e4fee7a4b04ac7a,0.000112188,0.000130269,0.000429978,0.001400973
2021-11-04,true,10,3,3,3.0,6,6,6.0,8,8,8.0,7,1,3,2.5625,3,5,4.0,5,6,5.090909090909091,2,1,1,1.0,1,1,1.0,1,1,1.0,3,1,2,1.5,1,1,1.0,2,2,2.0,3bd451de238e5e5a28cb15963ad1ce757d8ed51fe62b98583e4fee7a4b04ac7a,0.000118579,0.000129431,0.000425711,0.001423435
2021-11-05,true,10,3,3,3.0,6,6,6.0,8,8,8.0,7,1,3,2.5625,3,5,4.0,5,6,5.090909090909091,2,1,1,1.0,1,1,1.0,1,1,1.0,3,1,2,1.5,1,1,1.0,2,2,2.0,3bd451de238e5e5a28cb15963ad1ce757d8ed51fe62b98583e4fee7a4b04ac7a,0.000112076,0.00012959,0.000429453,0.001408356
2021-11-06,true,10,3,3,3.0,6,6,6.0,8,8,8.0,7,1,3,2.5625,3,5,4.0,5,6,5.090909090909091,2,1,1,1.0,1,1,1.0,1,1,1.0,3,1,2,1.5,1,1,1.0,2,2,2.0,3bd451de238e5e5a28cb15963ad1ce757d8ed51fe62b98583e4fee7a4b04ac7a,0.000119494,0.00013006,0.000429442,0.001421442
2021-11-07,true,10,3,3,3.0,6,6,6.0,8,8,8.0,7,1,3,2.5625,3,5,4.0,5,6,5.090909090909091,2,1,1,1.0,1,1,1.0,1,1,1.0,3,1,2,1.5,1,1,1.0,2,2,2.0,3bd451de238e5e5a28cb15963ad1ce757d8ed51fe62b98583e4fee7a4b04ac7a,0.000112684,0.000129639,0.000429561,0.001421106
2021-11-08,true,10,3,3,3.0,6,6,6.0,8,8,8.0,7,1,3,2.5625,3,5,4.0,5,6,5.090909090909091,2,1,1,1.0,1,1,1.0,1,1,1.0,3,1,2,1.5,1,1,1.0,2,2,2.0,3bd451de238e5e5a28cb15963ad1ce757d8ed51fe62b98583e4fee7a4b04ac7a,0.0001129,0.000129783,0.000429221,0.001434203
2021-11-09,true,10,3,3,3.0,6,6,6.0,8,8,8.0,7,1,3,2.5625,3,5,4.0,5,6,5.090909090909091,2,1,1,1.0,1,1,1.0,1,1,1.0,3,1,2,1.5,1,1,1.0,2,2,2.0,3bd451de238e5e5a28cb15963ad1ce757d8ed51fe62b98583e4fee7a4b04ac7a,0.000112414,0.000131075,0.000429006,0.001400998
2021-11-10,true,10,3,3,3.0,6,6,6.0,8,8,8.0,7,1,3,2.5625,3,5,4.0,5,6,5.090909090909091,2,1,1,1.0,1,1,1.0,1,1,1.0,3,1,2,1.5,1,1,1.0,2,2,2.0,3bd451de238e5e5a28cb15963ad1ce757d8ed51fe62b98583e4fee7a4b04ac7a,0.000112202,0.000128687,0.000432432,0.001428885
2021-11-11,true,10,3,3,3.0,6,6,6.0,8,8,8.0,7,1,3,2.5625,3,5,4.0,5,6,5.090909090909091,2,1,1,1.0,1,1,1.0,1,1,1.0,3,1,2,1.5,1,1,1.0,2,2,2.0,3bd451de238e5e5a28cb15963ad1ce757d8ed51fe62b98583e4fee7a4b04ac7a,0.000113306,0.000132752,0.000428685,0.001395464
2021-11-12,true,10,3,3,3.0,6,6,6.0,8,8,8.0,7,1,3,2.5625,3,5,4.0,5,6,5.090909090909091,2,1,1,1.0,1,1,1.0,1,1,1.0,3,1,2,1.5,1,1,1.0,2,2,2.0,3bd451de238e5e5a28cb15963ad1ce757d8ed51fe62b98583e4fee7a4b04ac7a,0.000112642,0.000129517,0.000430567,0.001435025
2021-11-13,true,10,3,3,3.0,6,6,6.0,8,8,8.0,7,1,3,2.5625,3,5,4.0,5,6,5.090909090909091,2,1,1,1.0,1,1,1.0,1,1,1.0,3,1,2,1.5,1,1,1.0,2,2,2.0,3bd451de238e5e5a28cb15963ad1ce757d8ed51fe62b98583e4fee7a4b04ac7a,0.00011239,0.000128563,0.00042726,0.001394696
2021-11-14,true,10,3,3,3.0,6,6,6.0,8,8,8.0,7,1,3,2.5625,3,5,4.0,5,6,5.090909090909091,2,1,1,1.0,1,1,1.0,1,1,1.0,3,1,2,1.5,1,1,1.0,2,2,2.0,3bd451de238e5e5a28cb15963ad1ce757d8ed51fe62b98583e4fee7a4b04ac7a,0.000112402,0.000129989,0.000429438,0.001427903
2021-11-15,true,10,3,3,3.0,6,6,6.0,8,8,8.0,7,1,3,2.5625,3,5,4.0,5,6,5.090909090909091,2,1,1,1.0,1,1,1.0,1,1,1.0,3,1,2,1.5,1,1,1.0,2,2,2.0,3bd451de238e5e5a28cb15963ad1ce757d8ed51fe62b98583e4fee7a4b04ac7a,0.000111773,0.000129669,0.000429333,0.001407807
2021-11-16,true,10,3,3,3.0,6,6,6.0,8,8,8.0,7,1,3,2.5625,3,5,4.0,5,6,5.090909090909091,2,1,1,1.0,1,1,1.0,1,1,1.0,3,1,2,1.5,1,1,1.0,2,2,2.0,3bd451de238e5e5a28cb15963ad1ce757d8ed51fe62b98583e4fee7a4b04ac7a,0.000112791,0.000130484,0.000427836,0.001426219
2021-11-17,true,10,3,3,3.0,6,6,6.0,8,8,8.0,7,1,3,2.5625,3,5,4.0,5,6,5.090909090909091,2,1,1,1.0,1,1,1.0,1,1,1.0,3,1,2,1.5,1,1,1.0,2,2,2.0,3bd451de238e5e5a28cb15963ad1ce757d8ed51fe62b98583e4fee7a4b04ac7a,0.000111869,0.000129032,0.000427969,0.001417774
2021-11-18,true,10,3,3,3.0,6,6,6.0,8,8,8.0,7,1,3,2.5625,3,5,4.0,5,6,5.090909090909091,2,1,1,1.0,1,1,1.0,1,1,1.0,3,1,2,1.5,1,1,1.0,2,2,2.0,3bd451de238e5e5a28cb15963ad1ce757d8ed51fe62b98583e4fee7a4b04ac7a,0.000113724,0.000130357,0.000429786,0.001426496
2021-11-19,true,10,3,3,3.0,6,6,6.0,8,8,8.0,7,1,3,2.5625,3,5,4.0,5,6,5.090909090909091,2,1,1,1.0,1,1,1.0,1,1,1.0,3,1,2,1.5,1,1,1.0,2,2,2.0,3bd451de238e5e5a28cb15963ad1ce757d8ed51fe62b98583e4fee7a4b04ac7a,0.000111558,0.000129407,0.000429478,0.001412056
2021-11-20,true,10,3,3,3.0,6,6,6.0,8,8,8.0,7,1,3,2.5625,3,5,4.0,5,6,5.090909090909091,2,1,1,1.0,1,1,1.0,1,1,1.0,3,1,2,1.5,1,1,1.0,2,2,2.0,3bd451de238e5e5a28cb15963ad1ce757d8ed51fe62b98583e4fee7a4b04ac7a,0.000111389,0.000130172,0.000427068,0.001411372
2021-11-21,true,10,3,3,3.0,6,6,6.0,8,8,8.0,7,1,3,2.5625,3,5,4.0,5,6,5.090909090909091,2,1,1,1.0,1,1,1.0,1,1,1.0,3,1,2,1.5,1,1,1.0,2,2,2.0,3bd451de238e5e5a28cb15963ad1ce757d8ed51fe62b98583e4fee7a4b04ac7a,0.000111874,0.000128636,0.000429275,0.001404389
2021-11-22,true,10,3,3,3.0,6,6,6.0,8,8,8.0,7,1,3,2.5625,3,5,4.0,5,6,5.090909090909091,2,1,1,1.0,1,1,1.0,1,1,1.0,3,1,2,1.5,1,1,1.0,2,2,2.0,3bd451de238e5e5a28cb15963ad1ce757d8ed51fe62b98583e4fee7a4b04ac7a,0.000112708,0.000129003,0.000451148,0.001454284
2021-11-23,true,10,3,3,3.0,6,6,6.0,8,8,8.0,7,1,3,2.5625,3,5,4.0,5,6,5.090909090909091,2,1,1,1.0,1,1,1.0,1,1,1.0,3,1,2,1.5,1,1,1.0,2,2,2.0,3bd451de238e5e5a28cb15963ad1ce757d8ed51fe62b98583e4fee7a4b04ac7a,0.000111956,0.000130701,0.000447861,0.001419148
2021-11-24,true,10,3,3,3.0,6,6,6.0,8,8,8.0,7,1,3,2.5625,3,5,4.0,5,6,5.090909090909091,2,1,1,1.0,1,1,1.0,1,1,1.0,3,1,2,1.5,1,1,1.0,2,2,2.0,3bd451de238e5e5a28cb15963ad1ce757d8ed51fe62b98583e4fee7a4b04ac7a,0.000111644,0.000129182,0.000429353,0.001406052
2021-11-25,true,10,3,3,3.0,6,6,6.0,8,8,8.0,7,1,3,2.5625,3,5,4.0,5,6,5.090909090909091,2,1,1,1.0,1,1,1.0,1,1,1.0,3,1,2,1.5,1,1,1.0,2,2,2.0,3bd451de238e5e5a28cb15963ad1ce757d8ed51fe62b98583e4fee7a4b04ac7a,0.000112373,0.00012899,0.000426615,0.001422946
2021-11-26,true,10,3,3,3.0,6,6,6.0,8,8,8.0,7,1,3,2.5625,3,5,4.0,5,6,5.090909090909091,2,1,1,1.0,1,1,1.0,1,1,1.0,3,1,2,1.5,1,1,1.0,2,2,2.0,3bd451de238e5e5a28cb15963ad1ce757d8ed51fe62b98583e4fee7a4b04ac7a,0.000111523,0.000130357,0.000427825,0.00139084
2021-11-27,true,10,3,3,3.0,6,6,6.0,8,8,8.0,7,1,3,2.5625,3,5,4.0,5,6,5.090909090909091,2,1,1,1.0,1,1,1.0,1,1,1.0,3,1,2,1.5,1,1,1.0,2,2,2.0,3bd451de238e5e5a28cb15963ad1ce757d8ed51fe62b98583e4fee7a4b04ac7a,0.000112515,0.000129771,0.000426505,0.001410183
2021-11-28,true,10,3,3,3.0,6,6,6.0,8,8,8.0,7,1,3,2.5625,3,5,4.0,5,6,5.090909090909091,2,1,1,1.0,1,1,1.0,1,1,1.0,3,1,2,1.5,1,1,1.0,2,2,2.0,3bd451de238e5e5a28cb15963ad1ce757d8ed51fe62b98583e4fee7a4b04ac7a,0.000111519,0.000129527,0.000437028,0.001414518
2021-11-29,true,10,3,3,3.0,6,6,6.0,8,8,8.0,7,1,3,2.5625,3,5,4.0,5,6,5.090909090909091,2,1,1,1.0,1,1,1.0,1,1,1.0,3,1,2,1.5,1,1,1.0,2,2,2.0,3bd451de238e5e5a28cb15963ad1ce757d8ed51fe62b98583e4fee7a4b04ac7a,0.000112553,0.000130982,0.000436352,0.001420303
2021-11-30,true,10,3,3,3.0,6,6,6.0,8,8,8.0,7,1,3,2.5625,3,5,4.0,5,6,5.090909090909091,2,1,1,1.0,1,1,1.0,1,1,1.0,3,1,2,1.5,1,1,1.0,2,2,2.0,3bd451de238e5e5a28cb15963ad1ce757d8ed51fe62b98583e4fee7a4b04ac7a,0.000114621,0.000128836,0.000429755,0.001410227
2021-12-01,true,10,3,3,3.0,6,6,6.0,8,8,8.0,7,1,3,2.5625,3,5,4.0,5,6,5.090909090909091,2,1,1,1.0,1,1,1.0,1,1,1.0,3,1,2,1.5,1,1,1.0,2,2,2.0,3bd451de238e5e5a28cb15963ad1ce757d8ed51fe62b98583e4fee7a4b04ac7a,0.000113379,0.00013002,0.000425194,0.001413755
2021-12-02,true,10,3,3,3.0,6,6,6.0,8,8,8.0,7,1,3,2.5625,3,5,4.0,5,6,5.090909090909091,2,1,1,1.0,1,1,1.0,1,1,1.0,3,1,2,1.5,1,1,1.0,2,2,2.0,3bd451de238e5e5a28cb15963ad1ce757d8ed51fe62b98583e4fee7a4b04ac7a,0.0001118,0.00012854,0.000427528,0.001403989
2021-12-03,true,10,3,3,3.0,6,6,6.0,8,8,8.0,7,1,3,2.5625,3,5,4.0,5,6,5.090909090909091,2,1,1,1.0,1,1,1.0,1,1,1.0,3,1,2,1.5,1,1,1.0,2,2,2.0,3bd451de238e5e5a28cb15963ad1ce757d8ed51fe62b98583e4fee7a4b04ac7a,0.0001121,0.000128848,0.000429339,0.001421163
2021-12-04,true,10,3,3,3.0,6,6,6.0,8,8,8.0,7,1,3,2.5625,3,5,4.0,5,6,5.090909090909091,2,1,1,1.0,1,1,1.0,1,1,1.0,3,1,2,1.5,1,1,1.0,2,2,2.0,3bd451de238e5e5a28cb15963ad1ce757d8ed51fe62b98583e4fee7a4b04ac7a,0.000114004,0.000139061,0.000426633,0.001418063
2021-12-05,true,10,3,3,3.0,6,6,6.0,8,8,8.0,7,1,3,2.5625,3,5,4.0,5,6,5.090909090909091,2,1,1,1.0,1,1,1.0,1,1,1.0,3,1,2,1.5,1,1,1.0,2,2,2.0,3bd451de238e5e5a28cb15963ad1ce757d8ed51fe62b98583e4fee7a4b04ac7a,0.000122398,0.000130169,0.000427487,0.001437796
2021-12-06,true,10,3,3,3.0,6,6,6.0,8,8,8.0,7,1,3,2.5625,3,5,4.0,5,6,5.090909090909091,2,1,1,1.0,1,1,1.0,1,1,1.0,3,1,2,1.5,1,1,1.0,2,2,2.0,3bd451de238e5e5a28cb15963ad1ce757d8ed51fe62b98583e4fee7a4b04ac7a,0.000111615,0.000130191,0.000425489,0.001410687
2021-12-07,true,10,3,3,3.0,6,6,6.0,8,8,8.0,7,1,3,2.5625,3,5,4.0,5,6,5.090909090909091,2,1,1,1.0,1,1,1.0,1,1,1.0,3,1,2,1.5,1,1,1.0,2,2,2.0,3bd451de238e5e5a28cb15963ad1ce757d8ed51fe62b98583e4fee7a4b04ac7a,0.000114374,0.000129875,0.00042839,0.001421168
2021-12-08,true,10,3,3,3.0,6,6,6.0,8,8,8.0,7,1,3,2.5625,3,5,4.0,5,6,5.090909090909091,2,1,1,1.0,1,1,1.0,1,1,1.0,3,1,2,1.5,1,1,1.0,2,2,2.0,3bd451de238e5e5a28cb15963ad1ce757d8ed51fe62b98583e4fee7a4b04ac7a,0.000112212,0.000129414,0.000428502,0.001406595
2021-12-09,true,10,3,3,3.0,6,6,6.0,8,8,8.0,7,1,3,2.5625,3,5,4.0,5,6,5.090909090909091,2,1,1,1.0,1,1,1.0,1,1,1.0,3,1,2,1.5,1,1,1.0,2,2,2.0,3bd451de238e5e5a28cb15963ad1ce757d8ed51fe62b98583e4fee7a4b04ac7a,0.000111965,0.000128879,0.000433447,0.001427003
2021-12-10,true,10,3,3,3.0,6,6,6.0,8,8,8.0,7,1,3,2.5625,3,5,4.0,5,6,5.090909090909091,2,1,1,1.0,1,1,1.0,1,1,1.0,3,1,2,1.5,1,1,1.0,2,2,2.0,3bd451de238e5e5a28cb15963ad1ce757d8ed51fe62b98583e4fee7a4b04ac7a,0.000113889,0.000129759,0.000426443,0.001403151
2021-12-11,true,10,3,3,3.0,6,6,6.0,8,8,8.0,7,1,3,2.5625,3,5,4.0,5,6,5.090909090909091,2,1,1,1.0,1,1,1.0,1,1,1.0,3,1,2,1.5,1,1,1.0,2,2,2.0,3bd451de238e5e5a28cb15963ad1ce757d8ed51fe62b98583e4fee7a4b04ac7a,0.000112629,0.000131119,0.000429553,0.001431278
2021-12-12,true,10,3,3,3.0,6,6,6.0,8,8,8.0,7,1,3,2.5625,3,5,4.0,5,6,5.090909090909091,2,1,1,1.0,1,1,1.0,1,1,1.0,3,1,2,1.5,1,1,1.0,2,2,2.0,3bd451de238e5e5a28cb15963ad1ce757d8ed51fe62b98583e4fee7a4b04ac7a,0.000111715,0.000128829,0.000430398,0.001411645
2021-12-13,true,10,3,3,3.0,6,6,6.0,8,8,8.0,7,1,3,2.5625,3,5,4.0,5,6,5.090909090909091,2,1,1,1.0,1,1,1.0,1,1,1.0,3,1,2,1.5,1,1,1.0,2,2,2.0,3bd451de238e5e5a28cb15963ad1ce757d8ed51fe62b98583e4fee7a4b04ac7a,0.00011264,0.000129808,0.000427761,0.001411516
2021-12-14,true,10,3,3,3.0,6,6,6.0,8,8,8.0,7,1,3,2.5625,3,5,4.0,5,6,5.090909090909091,2,1,1,1.0,1,1,1.0,1,1,1.0,3,1,2,1.5,1,1,1.0,2,2,2.0,3bd451de238e5e5a28cb15963ad1ce757d8ed51fe62b98583e4fee7a4b04ac7a,0.000112931,0.000129335,0.000428912,0.001419371
2021-12-15,true,10,3,3,3.0,6,6,6.0,8,8,8.0,7,1,3,2.5625,3,5,4.0,5,6,5.090909090909091,2,1,1,1.0,1,1,1.0,1,1,1.0,3,1,2,1.5,1,1,1.0,2,2,2.0,3bd451de238e5e5a28cb15963ad1ce757d8ed51fe62b98583e4fee7a4b04ac7a,0.000111797,0.000128992,0.000426305,0.001435234
2021-12-16,true,9,2,2,2.0,7,7,7.0,8,8,8.0,6,1,2,1.75,4,5,4.142857142857143,5,5,5.0,1,1,1,1.0,1,1,1.0,1,1,1.0,2,1,1,1.0,1,1,1.0,2,2,2.0,fb9dda95d41bd765c20e5c56f4964b0251fe88d413c04d84c6e45c44bd41aad3,0.000037506,0.000044929,0.00010083,0.000530568
2021-12-17,true,9,2,2,2.0,7,7,7.0,8,8,8.0,6,1,2,1.75,4,5,4.142857142857143,5,5,5.0,1,1,1,1.0,1,1,1.0,1,1,1.0,2,1,1,1.0,1,1,1.0,2,2,2.0,fb9dda95d41bd765c20e5c56f4964b0251fe88d413c04d84c6e45c44bd41aad3,0.000037184,0.00004532,0.000110836,0.000545199
2021-12-18,true,9,2,2,2.0,7,7,7.0,8,8,8.0,6,1,2,1.75,4,5,4.142857142857143,5,5,5.0,1,1,1,1.0,1,1,1.0,1,1,1.0,2,1,1,1.0,1,1,1.0,2,2,2.0,fb9dda95d41bd765c20e5c56f4964b0251fe88d413c04d84c6e45c44bd41aad3,0.000037078,0.000044766,0.000100559,0.000518386
2021-12-19,true,9,2,2,2.0,7,7,7.0,8,8,8.0,6,1,2,1.75,4,5,4.142857142857143,5,5,5.0,1,1,1,1.0,1,1,1.0,1,1,1.0,2,1,1,1.0,1,1,1.0,2,2,2.0,fb9dda95d41bd765c20e5c56f4964b0251fe88d413c04d84c6e45c44bd41aad3,0.000037318,0.000045304,0.000111571,0.000541661
2021-12-20,true,9,2,2,2.0,7,7,7.0,8,8,8.0,6,1,2,1.75,4,5,4.142857142857143,5,5,5.0,1,1,1,1.0,1,1,1.0,1,1,1.0,2,1,1,1.0,1,1,1.0,2,2,2.0,fb9dda95d41bd765c20e5c56f4964b0251fe88d413c04d84c6e45c44bd41aad3,0.000037076,0.000044352,0.000099536,0.000513491
2021-12-21,true,9,2,2,2.0,7,7,7.0,8,8,8.0,6,1,2,1.75,4,5,4.142857142857143,5,5,5.0,1,1,1,1.0,1,1,1.0,1,1,1.0,2,1,1,1.0,1,1,1.0,2,2,2.0,fb9dda95d41bd765c20e5c56f4964b0251fe88d413c04d84c6e45c44bd41aad3,0.000036988,0.000045634,0.000120834,0.000551649
2021-12-22,true,9,2,2,2.0,7,7,7.0,8,8,8.0,6,1,2,1.75,4,5,4.142857142857143,5,5,5.0,1,1,1,1.0,1,1,1.0,1,1,1.0,2,1,1,1.0,1,1,1.0,2,2,2.0,fb9dda95d41bd765c20e5c56f4964b0251fe88d413c04d84c6e45c44bd41aad3,0.000037377,0.000045892,0.00009958,0.000518934
2021-12-23,true,10,3,3,3.0,6,6,6.0,8,8,8.0,7,1,3,2.5625,3,5,4.0,5,6,5.090909090909091,2,1,1,1.0,1,1,1.0,1,1,1.0,3,1,2,1.5,1,1,1.0,2,2,2.0,3bd451de238e5e5a28cb15963ad1ce757d8ed51fe62b98583e4fee7a4b04ac7a,0.000121361,0.000128913,0.000427031,0.001411882
2021-12-24,true,10,3,3,3.0,6,6,6.0,8,8,8.0,7,1,3,2.5625,3,5,4.0,5,6,5.090909090909091,2,1,1,1.0,1,1,1.0,1,1,1.0,3,1,2,1.5,1,1,1.0,2,2,2.0,3bd451de238e5e5a28cb15963ad1ce757d8ed51fe62b98583e4fee7a4b04ac7a,0.000114353,0.000128829,0.000428354,0.00140359
2021-12-25,true,10,3,3,3.0,6,6,6.0,8,8,8.0,7,1,3,2.5625,3,5,4.0,5,6,5.090909090909091,2,1,1,1.0,1,1,1.0,1,1,1.0,3,1,2,1.5,1,1,1.0,2,2,2.0,3bd451de238e5e5a28cb15963ad1ce757d8ed51fe62b98583e4fee7a4b04ac7a,0.000121494,0.000130337,0.000439057,0.001698004
2021-12-26,true,10,3,3,3.0,6,6,6.0,8,8,8.0,7,1,3,2.5625,3,5,4.0,5,6,5.090909090909091,2,1,1,1.0,1,1,1.0,1,1,1.0,3,1,2,1.5,1,1,1.0,2,2,2.0,3bd451de238e5e5a28cb15963ad1ce757d8ed51fe62b98583e4fee7a4b04ac7a,0.000111738,0.000140645,0.000432553,0.001626935
2021-12-27,true,10,3,3,3.0,6,6,6.0,8,8,8.0,7,1,3,2.5625,3,5,4.0,5,6,5.090909090909091,2,1,1,1.0,1,1,1.0,1,1,1.0,3,1,2,1.5,1,1,1.0,2,2,2.0,3bd451de238e5e5a28cb15963ad1ce757d8ed51fe62b98583e4fee7a4b04ac7a,0.000114701,0.000131011,0.000430737,0.001453958
2021-12-28,true,10,3,3,3.0,6,6,6.0,8,8,8.0,7,1,3,2.5625,3,5,4.0,5,6,5.090909090909091,2,1,1,1.0,1,1,1.0,1,1,1.0,3,1,2,1.5,1,1,1.0,2,2,2.0,3bd451de238e5e5a28cb15963ad1ce757d8ed51fe62b98583e4fee7a4b04ac7a,0.00011271,0.000129236,0.000428854,0.00140675
2021-12-29,true,10,3,3,3.0,6,6,6.0,8,8,8.0,7,1,3,2.5625,3,5,4.0,5,6,5.090909090909091,2,1,1,1.0,1,1,1.0,1,1,1.0,3,1,2,1.5,1,1,1.0,2,2,2.0,3bd451de238e5e5a28cb15963ad1ce757d8ed51fe62b98583e4fee7a4b04ac7a,0.000112257,0.000129046,0.000427059,0.001440603
2021-12-30,true,10,3,3,3.0,6,6,6.0,8,8,8.0,7,1,3,2.5625,3,5,4.0,5,6,5.090909090909091,2,1,1,1.0,1,1,1.0,1,1,1.0,3,1,2,1.5,1,1,1.0,2,2,2.0,3bd451de238e5e5a28cb15963ad1ce757d8ed51fe62b98583e4fee7a4b04ac7a,0.00011366,0.000129235,0.000430291,0.001414156
2021-12-31,true,10,3,3,3.0,6,6,6.0,8,8,8.0,7,1,3,2.5625,3,5,4.0,5,6,5.090909090909091,2,1,1,1.0,1,1,1.0,1,1,1.0,3,1,2,1.5,1,1,1.0,2,2,2.0,3bd451de238e5e5a28cb15963ad1ce757d8ed51fe62b98583e4fee7a4b04ac7a,0.00011243,0.000129905,0.000445007,0.001449604
2022-01-01,true,10,3,3,3.0,6,6,6.0,8,8,8.0,7,1,3,2.5625,3,5,4.0,5,6,5.090909090909091,2,1,1,1.0,1,1,1.0,1,1,1.0,3,1,2,1.5,1,1,1.0,2,2,2.0,3bd451de238e5e5a28cb15963ad1ce757d8ed51fe62b98583e4fee7a4b04ac7a,0.000112019,0.000128341,0.000428596,0.001407956
2022-01-02,true,10,3,3,3.0,6,6,6.0,8,8,8.0,7,1,3,2.5625,3,5,4.0,5,6,5.090909090909091,2,1,1,1.0,1,1,1.0,1,1,1.0,3,1,2,1.5,1,1,1.0,2,2,2.0,3bd451de238e5e5a28cb15963ad1ce757d8ed51fe62b98583e4fee7a4b04ac7a,0.000111936,0.000130214,0.000428937,0.001421573
2022-01-03,true,10,3,3,3.0,6,6,6.0,8,8,8.0,7,1,3,2.5625,3,5,4.0,5,6,5.090909090909091,2,1,1,1.0,1,1,1.0,1,1,1.0,3,1,2,1.5,1,1,1.0,2,2,2.0,3bd451de238e5e5a28cb15963ad1ce757d8ed51fe62b98583e4fee7a4b04ac7a,0.000114818,0.000129292,0.000429945,0.001390103
2022-01-04,true,10,3,3,3.0,6,6,6.0,8,8,8.0,7,1,3,2.5625,3,5,4.0,5,6,5.090909090909091,2,1,1,1.0,1,1,1.0,1,1,1.0,3,1,2,1.5,1,1,1.0,2,2,2.0,3bd451de238e5e5a28cb15963ad1ce757d8ed51fe62b98583e4fee7a4b04ac7a,0.000112416,0.000129334,0.000429222,0.001437519
2022-01-05,true,10,3,3,3.0,6,6,6.0,8,8,8.0,7,1,3,2.5625,3,5,4.0,5,6,5.090909090909091,2,1,1,1.0,1,1,1.0,1,1,1.0,3,1,2,1.5,1,1,1.0,2,2,2.0,3bd451de238e5e5a28cb15963ad1ce757d8ed51fe62b98583e4fee7a4b04ac7a,0.000111537,0.000128998,0.000427765,0.001426167
2022-01-06,true,10,3,3,3.0,6,6,6.0,8,8,8.0,7,1,3,2.5625,3,5,4.0,5,6,5.090909090909091,2,1,1,1.0,1,1,1.0,1,1,1.0,3,1,2,1.5,1,1,1.0,2,2,2.0,3bd451de238e5e5a28cb15963ad1ce757d8ed51fe62b98583e4fee7a4b04ac7a,0.000115074,0.000130569,0.000427572,0.001426756
2022-01-07,true,10,3,3,3.0,6,6,6.0,8,8,8.0,7,1,3,2.5625,3,5,4.0,5,6,5.090909090909091,2,1,1,1.0,1,1,1.0,1,1,1.0,3,1,2,1.5,1,1,1.0,2,2,2.0,3bd451de238e5e5a28cb15963ad1ce757d8ed51fe62b98583e4fee7a4b04ac7a,0.000111942,0.000129168,0.000429162,0.001419109
2022-01-08,true,10,3,3,3.0,6,6,6.0,8,8,8.0,7,1,3,2.5625,3,5,4.0,5,6,5.090909090909091,2,1,1,1.0,1,1,1.0,1,1,1.0,3,1,2,1.5,1,1,1.0,2,2,2.0,3bd451de238e5e5a28cb15963ad1ce757d8ed51fe62b98583e4fee7a4b04ac7a,0.000111585,0.000129168,0.000432241,0.001421187
2022-01-09,true,10,3,3,3.0,6,6,6.0,8,8,8.0,7,1,3,2.5625,3,5,4.0,5,6,5.090909090909091,2,1,1,1.0,1,1,1.0,1,1,1.0,3,1,2,1.5,1,1,1.0,2,2,2.0,3bd451de238e5e5a28cb15963ad1ce757d8ed51fe62b98583e4fee7a4b04ac7a,0.000111306,0.0001293,0.000427378,0.001407536
2022-01-10,true,10,3,3,3.0,6,6,6.0,8,8,8.0,7,1,3,2.5625,3,5,4.0,5,6,5.090909090909091,2,1,1,1.0,1,1,1.0,1,1,1.0,3,1,2,1.5,1,1,1.0,2,2,2.0,3bd451de238e5e5a28cb15963ad1ce757d8ed51fe62b98583e4fee7a4b04ac7a,0.000111068,0.000128766,0.000440087,0.00140795
2022-01-11,true,10,3,3,3.0,6,6,6.0,8,8,8.0,7,1,3,2.5625,3,5,4.0,5,6,5.090909090909091,2,1,1,1.0,1,1,1.0,1,1,1.0,3,1,2,1.5,1,1,1.0,2,2,2.0,3bd451de238e5e5a28cb15963ad1ce757d8ed51fe62b98583e4fee7a4b04ac7a,0.000113509,0.000129461,0.000458767,0.001456636
2022-01-12,true,10,3,3,3.0,6,6,6.0,8,8,8.0,7,1,3,2.5625,3,5,4.0,5,6,5.090909090909091,2,1,1,1.0,1,1,1.0,1,1,1.0,3,1,2,1.5,1,1,1.0,2,2,2.0,3bd451de238e5e5a28cb15963ad1ce757d8ed51fe62b98583e4fee7a4b04ac7a,0.00011194,0.000128944,0.000425673,0.001394986
2022-01-13,true,10,3,3,3.0,6,6,6.0,8,8,8.0,7,1,3,2.5625,3,5,4.0,5,6,5.090909090909091,2,1,1,1.0,1,1,1.0,1,1,1.0,3,1,2,1.5,1,1,1.0,2,2,2.0,3bd451de238e5e5a28cb15963ad1ce757d8ed51fe62b98583e4fee7a4b04ac7a,0.000113561,0.000130386,0.000430495,0.001457836
2022-01-14,true,10,3,3,3.0,6,6,6.0,8,8,8.0,7,1,3,2.5625,3,5,4.0,5,6,5.090909090909091,2,1,1,1.0,1,1,1.0,1,1,1.0,3,1,2,1.5,1,1,1.0,2,2,2.0,3bd451de238e5e5a28cb15963ad1ce757d8ed51fe62b98583e4fee7a4b04ac7a,0.000113248,0.000128075,0.000427616,0.001404632
2022-01-15,true,10,3,3,3.0,6,6,6.0,8,8,8.0,7,1,3,2.5625,3,5,4.0,5,6,5.090909090909091,2,1,1,1.0,1,1,1.0,1,1,1.0,3,1,2,1.5,1,1,1.0,2,2,2.0,3bd451de238e5e5a28cb15963ad1ce757d8ed51fe62b98583e4fee7a4b04ac7a,0.000112392,0.000129571,0.000429696,0.001412055
2022-01-16,true,10,3,3,3.0,6,6,6.0,8,8,8.0,7,1,3,2.5625,3,5,4.0,5,6,5.090909090909091,2,1,1,1.0,1,1,1.0,1,1,1.0,3,1,2,1.5,1,1,1.0,2,2,2.0,3bd451de238e5e5a28cb15963ad1ce757d8ed51fe62b98583e4fee7a4b04ac7a,0.000112062,0.000129549,0.000439072,0.001415041
2022-01-17,true,10,3,3,3.0,6,6,6.0,8,8,8.0,7,1,3,2.5625,3,5,4.0,5,6,5.090909090909091,2,1,1,1.0,1,1,1.0,1,1,1.0,3,1,2,1.5,1,1,1.0,2,2,2.0,3bd451de238e5e5a28cb15963ad1ce757d8ed51fe62b98583e4fee7a4b04ac7a,0.00011302,0.000129145,0.000438614,0.001429969
2022-01-18,true,10,3,3,3.0,6,6,6.0,8,8,8.0,7,1,3,2.5625,3,5,4.0,5,6,5.090909090909091,2,1,1,1.0,1,1,1.0,1,1,1.0,3,1,2,1.5,1,1,1.0,2,2,2.0,3bd451de238e5e5a28cb15963ad1ce757d8ed51fe62b98583e4fee7a4b04ac7a,0.000112048,0.000129662,0.000430301,0.00141562
2022-01-19,true,10,3,3,3.0,6,6,6.0,8,8,8.0,7,1,3,2.5625,3,5,4.0,5,6,5.090909090909091,2,1,1,1.0,1,1,1.0,1,1,1.0,3,1,2,1.5,1,1,1.0,2,2,2.0,3bd451de238e5e5a28cb15963ad1ce757d8ed51fe62b98583e4fee7a4b04ac7a,0.000111391,0.00012809,0.000428561,0.00142895
2022-01-20,true,10,3,3,3.0,6,6,6.0,8,8,8.0,7,1,3,2.5625,3,5,4.0,5,6,5.090909090909091,2,1,1,1.0,1,1,1.0,1,1,1.0,3,1,2,1.5,1,1,1.0,2,2,2.0,3bd451de238e5e5a28cb15963ad1ce757d8ed51fe62b98583e4fee7a4b04ac7a,0.000111533,0.000129011,0.00042978,0.001408565
2022-01-21,true,10,3,3,3.0,6,6,6.0,8,8,8.0,7,1,3,2.5625,3,5,4.0,5,6,5.090909090909091,2,1,1,1.0,1,1,1.0,1,1,1.0,3,1,2,1.5,1,1,1.0,2,2,2.0,3bd451de238e5e5a28cb15963ad1ce757d8ed51fe62b98583e4fee7a4b04ac7a,0.000111337,0.000128936,0.00042925,0.001428633
2022-01-22,true,10,3,3,3.0,6,6,6.0,8,8,8.0,7,1,3,2.5625,3,5,4.0,5,6,5.090909090909091,2,1,1,1.0,1,1,1.0,1,1,1.0,3,1,2,1.5,1,1,1.0,2,2,2.0,3bd451de238e5e5a28cb15963ad1ce757d8ed51fe62b98583e4fee7a4b04ac7a,0.000111637,0.000138831,0.000425992,0.001415383
2022-01-23,true,10,3,3,3.0,6,6,6.0,8,8,8.0,7,1,3,2.5625,3,5,4.0,5,6,5.090909090909091,2,1,1,1.0,1,1,1.0,1,1,1.0,3,1,2,1.5,1,1,1.0,2,2,2.0,3bd451de238e5e5a28cb15963ad1ce757d8ed51fe62b98583e4fee7a4b04ac7a,0.000112444,0.000129625,0.000428643,0.00142975
2022-01-24,true,10,3,3,3.0,6,6,6.0,8,8,8.0,7,1,3,2.5625,3,5,4.0,5,6,5.090909090909091,2,1,1,1.0,1,1,1.0,1,1,1.0,3,1,2,1.5,1,1,1.0,2,2,2.0,3bd451de238e5e5a28cb15963ad1ce757d8ed51fe62b98583e4fee7a4b04ac7a,0.000112078,0.000128917,0.000430035,0.001396613
2022-01-25,true,10,3,3,3.0,6,6,6.0,8,8,8.0,7,1,3,2.5625,3,5,4.0,5,6,5.090909090909091,2,1,1,1.0,1,1,1.0,1,1,1.0,3,1,2,1.5,1,1,1.0,2,2,2.0,3bd451de238e5e5a28cb15963ad1ce757d8ed51fe62b98583e4fee7a4b04ac7a,0.000120483,0.000129752,0.000429219,0.001450379
2022-01-26,true,10,3,3,3.0,6,6,6.0,8,8,8.0,7,1,3,2.5625,3,5,4.0,5,6,5.090909090909091,2,1,1,1.0,1,1,1.0,1,1,1.0,3,1,2,1.5,1,1,1.0,2,2,2.0,3bd451de238e5e5a28cb15963ad1ce757d8ed51fe62b98583e4fee7a4b04ac7a,0.000113149,0.000129102,0.000428064,0.001397922
2022-01-27,true,10,3,3,3.0,6,6,6.0,8,8,8.0,7,1,3,2.5625,3,5,4.0,5,6,5.090909090909091,2,1,1,1.0,1,1,1.0,1,1,1.0,3,1,2,1.5,1,1,1.0,2,2,2.0,3bd451de238e5e5a28cb15963ad1ce757d8ed51fe62b98583e4fee7a4b04ac7a,0.000115017,0.000131248,0.000428229,0.001430705
2022-01-28,true,10,3,3,3.0,6,6,6.0,8,8,8.0,7,1,3,2.5625,3,5,4.0,5,6,5.090909090909091,2,1,1,1.0,1,1,1.0,1,1,1.0,3,1,2,1.5,1,1,1.0,2,2,2.0,3bd451de238e5e5a28cb15963ad1ce757d8ed51fe62b98583e4fee7a4b04ac7a,0.000112771,0.000130028,0.000429327,0.00143619
2022-01-29,true,10,3,3,3.0,6,6,6.0,8,8,8.0,7,1,3,2.5625,3,5,4.0,5,6,5.090909090909091,2,1,1,1.0,1,1,1.0,1,1,1.0,3,1,2,1.5,1,1,1.0,2,2,2.0,3bd451de238e5e5a28cb15963ad1ce757d8ed51fe62b98583e4fee7a4b04ac7a,0.000112594,0.00012882,0.000428387,0.001438088
2022-01-30,true,10,3,3,3.0,6,6,6.0,8,8,8.0,7,1,3,2.5625,3,5,4.0,5,6,5.090909090909091,2,1,1,1.0,1,1,1.0,1,1,1.0,3,1,2,1.5,1,1,1.0,2,2,2.0,3bd451de238e5e5a28cb15963ad1ce757d8ed51fe62b98583e4fee7a4b04ac7a,0.000113722,0.000130356,0.000426937,0.001410694
2022-01-31,true,10,3,3,3.0,6,6,6.0,8,8,8.0,7,1,3,2.5625,3,5,4.0,5,6,5.090909090909091,2,1,1,1.0,1,1,1.0,1,1,1.0,3,1,2,1.5,1,1,1.0,2,2,2.0,3bd451de238e5e5a28cb15963ad1ce757d8ed51fe62b98583e4fee7a4b04ac7a,0.000111781,0.000130073,0.000425461,0.001418061
2022-02-01,true,10,3,3,3.0,6,6,6.0,8,8,8.0,7,1,3,2.5625,3,5,4.0,5,6,5.090909090909091,2,1,1,1.0,1,1,1.0,1,1,1.0,3,1,2,1.5,1,1,1.0,2,2,2.0,3bd451de238e5e5a28cb15963ad1ce757d8ed51fe62b98583e4fee7a4b04ac7a,0.000112626,0.000129621,0.000430331,0.001429044
2022-02-02,true,10,3,3,3.0,6,6,6.0,8,8,8.0,7,1,3,2.5625,3,5,4.0,5,6,5.090909090909091,2,1,1,1.0,1,1,1.0,1,1,1.0,3,1,2,1.5,1,1,1.0,2,2,2.0,3bd451de238e5e5a28cb15963ad1ce757d8ed51fe62b98583e4fee7a4b04ac7a,0.000112284,0.00012913,0.000431103,0.001449353
2022-02-03,true,10,3,3,3.0,6,6,6.0,8,8,8.0,7,1,3,2.5625,3,5,4.0,5,6,5.090909090909091,2,1,1,1.0,1,1,1.0,1,1,1.0,3,1,2,1.5,1,1,1.0,2,2,2.0,3bd451de238e5e5a28cb15963ad1ce757d8ed51fe62b98583e4fee7a4b04ac7a,0.000112404,0.000129449,0.00043087,0.001411514
2022-02-04,true,10,3,3,3.0,6,6,6.0,8,8,8.0,7,1,3,2.5625,3,5,4.0,5,6,5.090909090909091,2,1,1,1.0,1,1,1.0,1,1,1.0,3,1,2,1.5,1,1,1.0,2,2,2.0,3bd451de238e5e5a28cb15963ad1ce757d8ed51fe62b98583e4fee7a4b04ac7a,0.000111267,0.000129492,0.000430458,0.001442092
2022-02-05,true,10,3,3,3.0,6,6,6.0,8,8,8.0,7,1,3,2.5625,3,5,4.0,5,6,5.090909090909091,2,1,1,1.0,1,1,1.0,1,1,1.0,3,1,2,1.5,1,1,1.0,2,2,2.0,3bd451de238e5e5a28cb15963ad1ce757d8ed51fe62b98583e4fee7a4b04ac7a,0.000112128,0.000128869,0.000430437,0.00141619
2022-02-06,true,10,3,3,3.0,6,6,6.0,8,8,8.0,7,1,3,2.5625,3,5,4.0,5,6,5.090909090909091,2,1,1,1.0,1,1,1.0,1,1,1.0,3,1,2,1.5,1,1,1.0,2,2,2.0,3bd451de238e5e5a28cb15963ad1ce757d8ed51fe62b98583e4fee7a4b04ac7a,0.000113344,0.000128764,0.000428657,0.001423642
2022-02-07,true,10,3,3,3.0,6,6,6.0,8,8,8.0,7,1,3,2.5625,3,5,4.0,5,6,5.090909090909091,2,1,1,1.0,1,1,1.0,1,1,1.0,3,1,2,1.5,1,1,1.0,2,2,2.0,3bd451de238e5e5a28cb15963ad1ce757d8ed51fe62b98583e4fee7a4b04ac7a,0.00011139,0.000129219,0.000427974,0.001421499
2022-02-08,true,10,3,3,3.0,6,6,6.0,8,8,8.0,7,1,3,2.5625,3,5,4.0,5,6,5.090909090909091,2,1,1,1.0,1,1,1.0,1,1,1.0,3,1,2,1.5,1,1,1.0,2,2,2.0,3bd451de238e5e5a28cb15963ad1ce757d8ed51fe62b98583e4fee7a4b04ac7a,0.000112473,0.000128521,0.00044267,0.001428767
2022-02-09,true,10,3,3,3.0,6,6,6.0,8,8,8.0,7,1,3,2.5625,3,5,4.0,5,6,5.090909090909091,2,1,1,1.0,1,1,1.0,1,1,1.0,3,1,2,1.5,1,1,1.0,2,2,2.0,3bd451de238e5e5a28cb15963ad1ce757d8ed51fe62b98583e4fee7a4b04ac7a,0.00011256,0.000130672,0.000427517,0.001401817
2022-02-10,true,10,3,3,3.0,6,6,6.0,8,8,8.0,7,1,3,2.5625,3,5,4.0,5,6,5.090909090909091,2,1,1,1.0,1,1,1.0,1,1,1.0,3,1,2,1.5,1,1,1.0,2,2,2.0,3bd451de238e5e5a28cb15963ad1ce757d8ed51fe62b98583e4fee7a4b04ac7a,0.000111823,0.000129299,0.000431239,0.001417884
2022-02-11,true,10,3,3,3.0,6,6,6.0,8,8,8.0,7,1,3,2.5625,3,5,4.0,5,6,5.090909090909091,2,1,1,1.0,1,1,1.0,1,1,1.0,3,1,2,1.5,1,1,1.0,2,2,2.0,3bd451de238e5e5a28cb15963ad1ce757d8ed51fe62b98583e4fee7a4b04ac7a,0.000112226,0.000129564,0.00043016,0.001399776
2022-02-12,true,10,3,3,3.0,6,6,6.0,8,8,8.0,7,1,3,2.5625,3,5,4.0,5,6,5.090909090909091,2,1,1,1.0,1,1,1.0,1,1,1.0,3,1,2,1.5,1,1,1.0,2,2,2.0,3bd451de238e5e5a28cb15963ad1ce757d8ed51fe62b98583e4fee7a4b04ac7a,0.000112392,0.000130225,0.000429686,0.001412592
2022-02-13,true,10,3,3,3.0,6,6,6.0,8,8,8.0,7,1,3,2.5625,3,5,4.0,5,6,5.090909090909091,2,1,1,1.0,1,1,1.0,1,1,1.0,3,1,2,1.5,1,1,1.0,2,2,2.0,3bd451de238e5e5a28cb15963ad1ce757d8ed51fe62b98583e4fee7a4b04ac7a,0.000112524,0.00012957,0.00043919,0.001401117
2022-02-14,true,10,3,3,3.0,6,6,6.0,8,8,8.0,7,1,3,2.5625,3,5,4.0,5,6,5.090909090909091,2,1,1,1.0,1,1,1.0,1,1,1.0,3,1,2,1.5,1,1,1.0,2,2,2.0,3bd451de238e5e5a28cb15963ad1ce757d8ed51fe62b98583e4fee7a4b04ac7a,0.00011144,0.000141286,0.000429086,0.001441786
2022-02-15,true,10,3,3,3.0,6,6,6.0,8,8,8.0,7,1,3,2.5625,3,5,4.0,5,6,5.090909090909091,2,1,1,1.0,1,1,1.0,1,1,1.0,3,1,2,1.5,1,1,1.0,2,2,2.0,3bd451de238e5e5a28cb15963ad1ce757d8ed51fe62b98583e4fee7a4b04ac7a,0.000111508,0.000130535,0.0004265,0.001411604
2022-02-16,true,10,3,3,3.0,6,6,6.0,8,8,8.0,7,1,3,2.5625,3,5,4.0,5,6,5.090909090909091,2,1,1,1.0,1,1,1.0,1,1,1.0,3,1,2,1.5,1,1,1.0,2,2,2.0,3bd451de238e5e5a28cb15963ad1ce757d8ed51fe62b98583e4fee7a4b04ac7a,0.000111667,0.00013007,0.000429088,0.001420726
2022-02-17,true,10,3,3,3.0,6,6,6.0,8,8,8.0,7,1,3,2.5625,3,5,4.0,5,6,5.090909090909091,2,1,1,1.0,1,1,1.0,1,1,1.0,3,1,2,1.5,1,1,1.0,2,2,2.0,3bd451de238e5e5a28cb15963ad1ce757d8ed51fe62b98583e4fee7a4b04ac7a,0.000112224,0.00012988,0.000426873,0.001410138
2022-02-18,true,10,3,3,3.0,6,6,6.0,8,8,8.0,7,1,3,2.5625,3,5,4.0,5,6,5.090909090909091,2,1,1,1.0,1,1,1.0,1,1,1.0,3,1,2,1.5,1,1,1.0,2,2,2.0,3bd451de238e5e5a28cb15963ad1ce757d8ed51fe62b98583e4fee7a4b04ac7a,0.000111275,0.000128766,0.000426762,0.00142535
2022-02-19,true,10,3,3,3.0,6,6,6.0,8,8,8.0,7,1,3,2.5625,3,5,4.0,5,6,5.090909090909091,2,1,1,1.0,1,1,1.0,1,1,1.0,3,1,2,1.5,1,1,1.0,2,2,2.0,3bd451de238e5e5a28cb15963ad1ce757d8ed51fe62b98583e4fee7a4b04ac7a,0.000111328,0.000129658,0.000447498,0.001396731
2022-02-20,true,10,3,3,3.0,6,6,6.0,8,8,8.0,7,1,3,2.5625,3,5,4.0,5,6,5.090909090909091,2,1,1,1.0,1,1,1.0,1,1,1.0,3,1,2,1.5,1,1,1.0,2,2,2.0,3bd451de238e5e5a28cb15963ad1ce757d8ed51fe62b98583e4fee7a4b04ac7a,0.000111426,0.000128184,0.00042839,0.00142978
2022-02-21,true,10,3,3,3.0,6,6,6.0,8,8,8.0,7,1,3,2.5625,3,5,4.0,5,6,5.090909090909091,2,1,1,1.0,1,1,1.0,1,1,1.0,3,1,2,1.5,1,1,1.0,2,2,2.0,3bd451de238e5e5a28cb15963ad1ce757d8ed51fe62b98583e4fee7a4b04ac7a,0.000113166,0.000130074,0.000425738,0.001409442
2022-02-22,true,10,3,3,3.0,6,6,6.0,8,8,8.0,7,1,3,2.5625,3,5,4.0,5,6,5.090909090909091,2,1,1,1.0,1,1,1.0,1,1,1.0,3,1,2,1.5,1,1,1.0,2,2,2.0,3bd451de238e5e5a28cb15963ad1ce757d8ed51fe62b98583e4fee7a4b04ac7a,0.000112942,0.000129457,0.000429661,0.001433963
2022-02-23,true,10,3,3,3.0,6,6,6.0,8,8,8.0,7,1,3,2.5625,3,5,4.0,5,6,5.090909090909091,2,1,1,1.0,1,1,1.0,1,1,1.0,3,1,2,1.5,1,1,1.0,2,2,2.0,3bd451de238e5e5a28cb15963ad1ce757d8ed51fe62b98583e4fee7a4b04ac7a,0.00011193,0.00012981,0.000425775,0.001400077
2022-02-24,true,10,3,3,3.0,6,6,6.0,8,8,8.0,7,1,3,2.5625,3,5,4.0,5,6,5.090909090909091,2,1,1,1.0,1,1,1.0,1,1,1.0,3,1,2,1.5,1,1,1.0,2,2,2.0,3bd451de238e5e5a28cb15963ad1ce757d8ed51fe62b98583e4fee7a4b04ac7a,0.00011222,0.000129877,0.000436697,0.001437315
2022-02-25,true,10,3,3,3.0,6,6,6.0,8,8,8.0,7,1,3,2.5625,3,5,4.0,5,6,5.090909090909091,2,1,1,1.0,1,1,1.0,1,1,1.0,3,1,2,1.5,1,1,1.0,2,2,2.0,3bd451de238e5e5a28cb15963ad1ce757d8ed51fe62b98583e4fee7a4b04ac7a,0.000129903,0.000130801,0.000429329,0.001410931
2022-02-26,true,10,3,3,3.0,6,6,6.0,8,8,8.0,7,1,3,2.5625,3,5,4.0,5,6,5.090909090909091,2,1,1,1.0,1,1,1.0,1,1,1.0,3,1,2,1.5,1,1,1.0,2,2,2.0,3bd451de238e5e5a28cb15963ad1ce757d8ed51fe62b98583e4fee7a4b04ac7a,0.000112903,0.000129299,0.000437542,0.001431238
2022-02-27,true,10,3,3,3.0,6,6,6.0,8,8,8.0,7,1,3,2.5625,3,5,4.0,5,6,5.090909090909091,2,1,1,1.0,1,1,1.0,1,1,1.0,3,1,2,1.5,1,1,1.0,2,2,2.0,3bd451de238e5e5a28cb15963ad1ce757d8ed51fe62b98583e4fee7a4b04ac7a,0.000112202,0.000128728,0.000443518,0.001421874
2022-02-28,true,10,3,3,3.0,6,6,6.0,8,8,8.0,7,1,3,2.5625,3,5,4.0,5,6,5.090909090909091,2,1,1,1.0,1,1,1.0,1,1,1.0,3,1,2,1.5,1,1,1.0,2,2,2.0,3bd451de238e5e5a28cb15963ad1ce757d8ed51fe62b98583e4fee7a4b04ac7a,0.000114373,0.000129709,0.000436771,0.001423681
2022-03-01,true,10,3,3,3.0,6,6,6.0,8,8,8.0,7,1,3,2.5625,3,5,4.0,5,6,5.090909090909091,2,1,1,1.0,1,1,1.0,1,1,1.0,3,1,2,1.5,1,1,1.0,2,2,2.0,3bd451de238e5e5a28cb15963ad1ce757d8ed51fe62b98583e4fee7a4b04ac7a,0.000112142,0.00012914,0.000426127,0.001404531
2022-03-02,true,10,3,3,3.0,6,6,6.0,8,8,8.0,7,1,3,2.5625,3,5,4.0,5,6,5.090909090909091,2,1,1,1.0,1,1,1.0,1,1,1.0,3,1,2,1.5,1,1,1.0,2,2,2.0,3bd451de238e5e5a28cb15963ad1ce757d8ed51fe62b98583e4fee7a4b04ac7a,0.000112239,0.000129092,0.000445557,0.00143664
2022-03-03,true,10,3,3,3.0,6,6,6.0,8,8,8.0,7,1,3,2.5625,3,5,4.0,5,6,5.090909090909091,2,1,1,1.0,1,1,1.0,1,1,1.0,3,1,2,1.5,1,1,1.0,2,2,2.0,3bd451de238e5e5a28cb15963ad1ce757d8ed51fe62b98583e4fee7a4b04ac7a,0.00011204,0.000129826,0.000430046,0.001411868
2022-03-04,true,10,3,3,3.0,6,6,6.0,8,8,8.0,7,1,3,2.5625,3,5,4.0,5,6,5.090909090909091,2,1,1,1.0,1,1,1.0,1,1,1.0,3,1,2,1.5,1,1,1.0,2,2,2.0,3bd451de238e5e5a28cb15963ad1ce757d8ed51fe62b98583e4fee7a4b04ac7a,0.000111443,0.000129202,0.000440458,0.001415228
2022-03-05,true,10,3,3,3.0,6,6,6.0,8,8,8.0,7,1,3,2.5625,3,5,4.0,5,6,5.090909090909091,2,1,1,1.0,1,1,1.0,1,1,1.0,3,1,2,1.5,1,1,1.0,2,2,2.0,3bd451de238e5e5a28cb15963ad1ce757d8ed51fe62b98583e4fee7a4b04ac7a,0.000113527,0.000129385,0.00042519,0.001400013
2022-03-06,true,10,3,3,3.0,6,6,6.0,8,8,8.0,7,1,3,2.5625,3,5,4.0,5,6,5.090909090909091,2,1,1,1.0,1,1,1.0,1,1,1.0,3,1,2,1.5,1,1,1.0,2,2,2.0,3bd451de238e5e5a28cb15963ad1ce757d8ed51fe62b98583e4fee7a4b04ac7a,0.000113401,0.00012917,0.000439693,0.001419368
2022-03-07,true,10,3,3,3.0,6,6,6.0,8,8,8.0,7,1,3,2.5625,3,5,4.0,5,6,5.090909090909091,2,1,1,1.0,1,1,1.0,1,1,1.0,3,1,2,1.5,1,1,1.0,2,2,2.0,3bd451de238e5e5a28cb15963ad1ce757d8ed51fe62b98583e4fee7a4b04ac7a,0.0001115,0.000128207,0.000431247,0.001414086
2022-03-08,true,10,3,3,3.0,6,6,6.0,8,8,8.0,7,1,3,2.5625,3,5,4.0,5,6,5.090909090909091,2,1,1,1.0,1,1,1.0,1,1,1.0,3,1,2,1.5,1,1,1.0,2,2,2.0,3bd451de238e5e5a28cb15963ad1ce757d8ed51fe62b98583e4fee7a4b04ac7a,0.000113358,0.00013004,0.000455873,0.001448202
2022-03-09,true,10,3,3,3.0,6,6,6.0,8,8,8.0,7,1,3,2.5625,3,5,4.0,5,6,5.090909090909091,2,1,1,1.0,1,1,1.0,1,1,1.0,3,1,2,1.5,1,1,1.0,2,2,2.0,3bd451de238e5e5a28cb15963ad1ce757d8ed51fe62b98583e4fee7a4b04ac7a,0.000113432,0.000130199,0.000430356,0.001395298
2022-03-10,true,10,3,3,3.0,6,6,6.0,8,8,8.0,7,1,3,2.5625,3,5,4.0,5,6,5.090909090909091,2,1,1,1.0,1,1,1.0,1,1,1.0,3,1,2,1.5,1,1,1.0,2,2,2.0,3bd451de238e5e5a28cb15963ad1ce757d8ed51fe62b98583e4fee7a4b04ac7a,0.000111805,0.000130178,0.0004404,0.001423545
2022-03-11,true,10,3,3,3.0,6,6,6.0,8,8,8.0,7,1,3,2.5625,3,5,4.0,5,6,5.090909090909091,2,1,1,1.0,1,1,1.0,1,1,1.0,3,1,2,1.5,1,1,1.0,2,2,2.0,3bd451de238e5e5a28cb15963ad1ce757d8ed51fe62b98583e4fee7a4b04ac7a,0.000113567,0.000130108,0.000429809,0.001414232
2022-03-12,true,10,3,3,3.0,6,6,6.0,8,8,8.0,7,1,3,2.5625,3,5,4.0,5,6,5.090909090909091,2,1,1,1.0,1,1,1.0,1,1,1.0,3,1,2,1.5,1,1,1.0,2,2,2.0,3bd451de238e5e5a28cb15963ad1ce757d8ed51fe62b98583e4fee7a4b04ac7a,0.000110812,0.000130552,0.000440097,0.001436767
2022-03-13,true,10,3,3,3.0,6,6,6.0,8,8,8.0,7,1,3,2.5625,3,5,4.0,5,6,5.090909090909091,2,1,1,1.0,1,1,1.0,1,1,1.0,3,1,2,1.5,1,1,1.0,2,2,2.0,3bd451de238e5e5a28cb15963ad1ce757d8ed51fe62b98583e4fee7a4b04ac7a,0.000112011,0.000129692,0.000433063,0.001417606
2022-03-14,true,10,3,3,3.0,6,6,6.0,8,8,8.0,7,1,3,2.5625,3,5,4.0,5,6,5.090909090909091,2,1,1,1.0,1,1,1.0,1,1,1.0,3,1,2,1.5,1,1,1.0,2,2,2.0,3bd451de238e5e5a28cb15963ad1ce757d8ed51fe62b98583e4fee7a4b04ac7a,0.000117662,0.000130638,0.000441477,0.001434255
2022-03-15,true,10,3,3,3.0,6,6,6.0,8,8,8.0,7,1,3,2.5625,3,5,4.0,5,6,5.090909090909091,2,1,1,1.0,1,1,1.0,1,1,1.0,3,1,2,1.5,1,1,1.0,2,2,2.0,3bd451de238e5e5a28cb15963ad1ce757d8ed51fe62b98583e4fee7a4b04ac7a,0.000112296,0.000129886,0.000430239,0.001394216
2022-03-16,true,10,3,3,3.0,6,6,6.0,8,8,8.0,7,1,3,2.5625,3,5,4.0,5,6,5.090909090909091,2,1,1,1.0,1,1,1.0,1,1,1.0,3,1,2,1.5,1,1,1.0,2,2,2.0,3bd451de238e5e5a28cb15963ad1ce757d8ed51fe62b98583e4fee7a4b04ac7a,0.000111606,0.000129,0.000440223,0.001431008
2022-03-17,true,10,3,3,3.0,6,6,6.0,8,8,8.0,7,1,3,2.5625,3,5,4.0,5,6,5.090909090909091,2,1,1,1.0,1,1,1.0,1,1,1.0,3,1,2,1.5,1,1,1.0,2,2,2.0,3bd451de238e5e5a28cb15963ad1ce757d8ed51fe62b98583e4fee7a4b04ac7a,0.000112901,0.000130149,0.000429526,0.001402387
2022-03-18,true,10,3,3,3.0,6,6,6.0,8,8,8.0,7,1,3,2.5625,3,5,4.0,5,6,5.090909090909091,2,1,1,1.0,1,1,1.0,1,1,1.0,3,1,2,1.5,1,1,1.0,2,2,2.0,3bd451de238e5e5a28cb15963ad1ce757d8ed51fe62b98583e4fee7a4b04ac7a,0.000113336,0.000129709,0.00043942,0.001438634
2022-03-19,true,10,3,3,3.0,6,6,6.0,8,8,8.0,7,1,3,2.5625,3,5,4.0,5,6,5.090909090909091,2,1,1,1.0,1,1,1.0,1,1,1.0,3,1,2,1.5,1,1,1.0,2,2,2.0,3bd451de238e5e5a28cb15963ad1ce757d8ed51fe62b98583e4fee7a4b04ac7a,0.000113092,0.000128963,0.000441654,0.001403142
2022-03-20,true,10,3,3,3.0,6,6,6.0,8,8,8.0,7,1,3,2.5625,3,5,4.0,5,6,5.090909090909091,2,1,1,1.0,1,1,1.0,1,1,1.0,3,1,2,1.5,1,1,1.0,2,2,2.0,3bd451de238e5e5a28cb15963ad1ce757d8ed51fe62b98583e4fee7a4b04ac7a,0.000112263,0.000128767,0.000438161,0.001430672
2022-03-21,true,10,3,3,3.0,6,6,6.0,8,8,8.0,7,1,3,2.5625,3,5,4.0,5,6,5.090909090909091,2,1,1,1.0,1,1,1.0,1,1,1.0,3,1,2,1.5,1,1,1.0,2,2,2.0,3bd451de238e5e5a28cb15963ad1ce757d8ed51fe62b98583e4fee7a4b04ac7a,0.000113174,0.000128377,0.000430618,0.001413645
2022-03-22,true,10,3,3,3.0,6,6,6.0,8,8,8.0,7,1,3,2.5625,3,5,4.0,5,6,5.090909090909091,2,1,1,1.0,1,1,1.0,1,1,1.0,3,1,2,1.5,1,1,1.0,2,2,2.0,3bd451de238e5e5a28cb15963ad1ce757d8ed51fe62b98583e4fee7a4b04ac7a,0.000125892,0.000130582,0.000439635,0.001443701
2022-03-23,true,10,3,3,3.0,6,6,6.0,8,8,8.0,7,1,3,2.5625,3,5,4.0,5,6,5.090909090909091,2,1,1,1.0,1,1,1.0,1,1,1.0,3,1,2,1.5,1,1,1.0,2,2,2.0,3bd451de238e5e5a28cb15963ad1ce757d8ed51fe62b98583e4fee7a4b04ac7a,0.000112183,0.000127933,0.000429133,0.001406122
2022-03-24,true,10,3,3,3.0,6,6,6.0,8,8,8.0,7,1,3,2.5625,3,5,4.0,5,6,5.090909090909091,2,1,1,1.0,1,1,1.0,1,1,1.0,3,1,2,1.5,1,1,1.0,2,2,2.0,3bd451de238e5e5a28cb15963ad1ce757d8ed51fe62b98583e4fee7a4b04ac7a,0.000112346,0.000129536,0.00043929,0.00143559
2022-03-25,true,10,3,3,3.0,6,6,6.0,8,8,8.0,7,1,3,2.5625,3,5,4.0,5,6,5.090909090909091,2,1,1,1.0,1,1,1.0,1,1,1.0,3,1,2,1.5,1,1,1.0,2,2,2.0,3bd451de238e5e5a28cb15963ad1ce757d8ed51fe62b98583e4fee7a4b04ac7a,0.000112963,0.000129227,0.000442455,0.001426082
2022-03-26,true,10,3,3,3.0,6,6,6.0,8,8,8.0,7,1,3,2.5625,3,5,4.0,5,6,5.090909090909091,2,1,1,1.0,1,1,1.0,1,1,1.0,3,1,2,1.5,1,1,1.0,2,2,2.0,3bd451de238e5e5a28cb15963ad1ce757d8ed51fe62b98583e4fee7a4b04ac7a,0.000112563,0.000128967,0.000440646,0.001431911
2022-03-27,true,10,3,3,3.0,6,6,6.0,8,8,8.0,7,1,3,2.5625,3,5,4.0,5,6,5.090909090909091,2,1,1,1.0,1,1,1.0,1,1,1.0,3,1,2,1.5,1,1,1.0,2,2,2.0,3bd451de238e5e5a28cb15963ad1ce757d8ed51fe62b98583e4fee7a4b04ac7a,0.000115505,0.000129308,0.000431932,0.001419139
2022-03-28,true,10,3,3,3.0,6,6,6.0,8,8,8.0,7,1,3,2.5625,3,5,4.0,5,6,5.090909090909091,2,1,1,1.0,1,1,1.0,1,1,1.0,3,1,2,1.5,1,1,1.0,2,2,2.0,3bd451de238e5e5a28cb15963ad1ce757d8ed51fe62b98583e4fee7a4b04ac7a,0.000113405,0.000127773,0.000439685,0.00143164
2022-03-29,true,10,3,3,3.0,6,6,6.0,8,8,8.0,7,1,3,2.5625,3,5,4.0,5,6,5.090909090909091,2,1,1,1.0,1,1,1.0,1,1,1.0,3,1,2,1.5,1,1,1.0,2,2,2.0,3bd451de238e5e5a28cb15963ad1ce757d8ed51fe62b98583e4fee7a4b04ac7a,0.000115321,0.000129302,0.000430412,0.00139277
2022-03-30,true,10,3,3,3.0,6,6,6.0,8,8,8.0,7,1,3,2.5625,3,5,4.0,5,6,5.090909090909091,2,1,1,1.0,1,1,1.0,1,1,1.0,3,1,2,1.5,1,1,1.0,2,2,2.0,3bd451de238e5e5a28cb15963ad1ce757d8ed51fe62b98583e4fee7a4b04ac7a,0.00011083,0.000129147,0.000455452,0.001439834
2022-03-31,true,10,3,3,3.0,6,6,6.0,8,8,8.0,7,1,3,2.5625,3,5,4.0,5,6,5.090909090909091,2,1,1,1.0,1,1,1.0,1,1,1.0,3,1,2,1.5,1,1,1.0,2,2,2.0,3bd451de238e5e5a28cb15963ad1ce757d8ed51fe62b98583e4fee7a4b04ac7a,0.000122473,0.000131584,0.000429921,0.001405581
2022-04-01,true,10,3,3,3.0,6,6,6.0,8,8,8.0,7,1,3,2.5625,3,5,4.0,5,6,5.090909090909091,2,1,1,1.0,1,1,1.0,1,1,1.0,3,1,2,1.5,1,1,1.0,2,2,2.0,3bd451de238e5e5a28cb15963ad1ce757d8ed51fe62b98583e4fee7a4b04ac7a,0.000112221,0.000138364,0.000429335,0.001411021
2022-04-02,true,10,3,3,3.0,6,6,6.0,8,8,8.0,7,1,3,2.5625,3,5,4.0,5,6,5.090909090909091,2,1,1,1.0,1,1,1.0,1,1,1.0,3,1,2,1.5,1,1,1.0,2,2,2.0,3bd451de238e5e5a28cb15963ad1ce757d8ed51fe62b98583e4fee7a4b04ac7a,0.000113308,0.000129594,0.000425766,0.001397985
2022-04-03,true,10,3,3,3.0,6,6,6.0,8,8,8.0,7,1,3,2.5625,3,5,4.0,5,6,5.090909090909091,2,1,1,1.0,1,1,1.0,1,1,1.0,3,1,2,1.5,1,1,1.0,2,2,2.0,3bd451de238e5e5a28cb15963ad1ce757d8ed51fe62b98583e4fee7a4b04ac7a,0.000112391,0.000139647,0.000430178,0.001426473
2022-04-04,true,10,3,3,3.0,6,6,6.0,8,8,8.0,7,1,3,2.5625,3,5,4.0,5,6,5.090909090909091,2,1,1,1.0,1,1,1.0,1,1,1.0,3,1,2,1.5,1,1,1.0,2,2,2.0,3bd451de238e5e5a28cb15963ad1ce757d8ed51fe62b98583e4fee7a4b04ac7a,0.000112615,0.000128525,0.000426994,0.001400524
2022-04-05,true,10,3,3,3.0,6,6,6.0,8,8,8.0,7,1,3,2.5625,3,5,4.0,5,6,5.090909090909091,2,1,1,1.0,1,1,1.0,1,1,1.0,3,1,2,1.5,1,1,1.0,2,2,2.0,3bd451de238e5e5a28cb15963ad1ce757d8ed51fe62b98583e4fee7a4b04ac7a,0.000112033,0.000146318,0.000431087,0.00144404
2022-04-06,true,10,3,3,3.0,6,6,6.0,8,8,8.0,7,1,3,2.5625,3,5,4.0,5,6,5.090909090909091,2,1,1,1.0,1,1,1.0,1,1,1.0,3,1,2,1.5,1,1,1.0,2,2,2.0,3bd451de238e5e5a28cb15963ad1ce757d8ed51fe62b98583e4fee7a4b04ac7a,0.000111809,0.000130657,0.000428897,0.001416458
2022-04-07,true,10,3,3,3.0,6,6,6.0,8,8,8.0,7,1,3,2.5625,3,5,4.0,5,6,5.090909090909091,2,1,1,1.0,1,1,1.0,1,1,1.0,3,1,2,1.5,1,1,1.0,2,2,2.0,3bd451de238e5e5a28cb15963ad1ce757d8ed51fe62b98583e4fee7a4b04ac7a,0.000112499,0.00014023,0.000430271,0.0014215
2022-04-08,true,10,3,3,3.0,6,6,6.0,8,8,8.0,7,1,3,2.5625,3,5,4.0,5,6,5.090909090909091,2,1,1,1.0,1,1,1.0,1,1,1.0,3,1,2,1.5,1,1,1.0,2,2,2.0,3bd451de238e5e5a28cb15963ad1ce757d8ed51fe62b98583e4fee7a4b04ac7a,0.000112755,0.000132329,0.000427741,0.001397525
2022-04-09,true,10,3,3,3.0,6,6,6.0,8,8,8.0,7,1,3,2.5625,3,5,4.0,5,6,5.090909090909091,2,1,1,1.0,1,1,1.0,1,1,1.0,3,1,2,1.5,1,1,1.0,2,2,2.0,3bd451de238e5e5a28cb15963ad1ce757d8ed51fe62b98583e4fee7a4b04ac7a,0.000112142,0.000138483,0.000429658,0.001425263
2022-04-10,true,10,3,3,3.0,6,6,6.0,8,8,8.0,7,1,3,2.5625,3,5,4.0,5,6,5.090909090909091,2,1,1,1.0,1,1,1.0,1,1,1.0,3,1,2,1.5,1,1,1.0,2,2,2.0,3bd451de238e5e5a28cb15963ad1ce757d8ed51fe62b98583e4fee7a4b04ac7a,0.000112542,0.000128405,0.000428219,0.001417955
2022-04-11,true,10,3,3,3.0,6,6,6.0,8,8,8.0,7,1,3,2.5625,3,5,4.0,5,6,5.090909090909091,2,1,1,1.0,1,1,1.0,1,1,1.0,3,1,2,1.5,1,1,1.0,2,2,2.0,3bd451de238e5e5a28cb15963ad1ce757d8ed51fe62b98583e4fee7a4b04ac7a,0.000121626,0.0001305,0.000430136,0.001438695
2022-04-12,true,10,3,3,3.0,6,6,6.0,8,8,8.0,7,1,3,2.5625,3,5,4.0,5,6,5.090909090909091,2,1,1,1.0,1,1,1.0,1,1,1.0,3,1,2,1.5,1,1,1.0,2,2,2.0,3bd451de238e5e5a28cb15963ad1ce757d8ed51fe62b98583e4fee7a4b04ac7a,0.000112551,0.000130333,0.00042561,0.001405243
2022-04-13,true,10,3,3,3.0,6,6,6.0,8,8,8.0,7,1,3,2.5625,3,5,4.0,5,6,5.090909090909091,2,1,1,1.0,1,1,1.0,1,1,1.0,3,1,2,1.5,1,1,1.0,2,2,2.0,3bd451de238e5e5a28cb15963ad1ce757d8ed51fe62b98583e4fee7a4b04ac7a,0.000122325,0.000129247,0.000429934,0.001421144
2022-04-14,true,10,3,3,3.0,6,6,6.0,8,8,8.0,7,1,3,2.5625,3,5,4.0,5,6,5.090909090909091,2,1,1,1.0,1,1,1.0,1,1,1.0,3,1,2,1.5,1,1,1.0,2,2,2.0,3bd451de238e5e5a28cb15963ad1ce757d8ed51fe62b98583e4fee7a4b04ac7a,0.000112044,0.000129432,0.000428104,0.001404353
2022-04-15,true,10,3,3,3.0,6,6,6.0,8,8,8.0,7,1,3,2.5625,3,5,4.0,5,6,5.090909090909091,2,1,1,1.0,1,1,1.0,1,1,1.0,3,1,2,1.5,1,1,1.0,2,2,2.0,3bd451de238e5e5a28cb15963ad1ce757d8ed51fe62b98583e4fee7a4b04ac7a,0.000121245,0.000129698,0.000429331,0.001410894
2022-04-16,true,10,3,3,3.0,6,6,6.0,8,8,8.0,7,1,3,2.5625,3,5,4.0,5,6,5.090909090909091,2,1,1,1.0,1,1,1.0,1,1,1.0,3,1,2,1.5,1,1,1.0,2,2,2.0,3bd451de238e5e5a28cb15963ad1ce757d8ed51fe62b98583e4fee7a4b04ac7a,0.000111015,0.000129175,0.000428069,0.001396192
2022-04-17,true,10,3,3,3.0,6,6,6.0,8,8,8.0,7,1,3,2.5625,3,5,4.0,5,6,5.090909090909091,2,1,1,1.0,1,1,1.0,1,1,1.0,3,1,2,1.5,1,1,1.0,2,2,2.0,3bd451de238e5e5a28cb15963ad1ce757d8ed51fe62b98583e4fee7a4b04ac7a,0.000120836,0.000129743,0.000430564,0.001421687
2022-04-18,true,10,3,3,3.0,6,6,6.0,8,8,8.0,7,1,3,2.5625,3,5,4.0,5,6,5.090909090909091,2,1,1,1.0,1,1,1.0,1,1,1.0,3,1,2,1.5,1,1,1.0,2,2,2.0,3bd451de238e5e5a28cb15963ad1ce757d8ed51fe62b98583e4fee7a4b04ac7a,0.000113764,0.000128568,0.000428288,0.001404656
2022-04-19,true,10,3,3,3.0,6,6,6.0,8,8,8.0,7,1,3,2.5625,3,5,4.0,5,6,5.090909090909091,2,1,1,1.0,1,1,1.0,1,1,1.0,3,1,2,1.5,1,1,1.0,2,2,2.0,3bd451de238e5e5a28cb15963ad1ce757d8ed51fe62b98583e4fee7a4b04ac7a,0.000121243,0.000129745,0.000432848,0.001413308
2022-04-20,true,10,3,3,3.0,6,6,6.0,8,8,8.0,7,1,3,2.5625,3,5,4.0,5,6,5.090909090909091,2,1,1,1.0,1,1,1.0,1,1,1.0,3,1,2,1.5,1,1,1.0,2,2,2.0,3bd451de238e5e5a28cb15963ad1ce757d8ed51fe62b98583e4fee7a4b04ac7a,0.000112977,0.000129855,0.000429606,0.001412862
2022-04-21,true,10,3,3,3.0,6,6,6.0,8,8,8.0,7,1,3,2.5625,3,5,4.0,5,6,5.090909090909091,2,1,1,1.0,1,1,1.0,1,1,1.0,3,1,2,1.5,1,1,1.0,2,2,2.0,3bd451de238e5e5a28cb15963ad1ce757d8ed51fe62b98583e4fee7a4b04ac7a,0.000121312,0.000130155,0.000430417,0.001440001
2022-04-22,true,10,3,3,3.0,6,6,6.0,8,8,8.0,7,1,3,2.5625,3,5,4.0,5,6,5.090909090909091,2,1,1,1.0,1,1,1.0,1,1,1.0,3,1,2,1.5,1,1,1.0,2,2,2.0,3bd451de238e5e5a28cb15963ad1ce757d8ed51fe62b98583e4fee7a4b04ac7a,0.00011336,0.00012983,0.000443249,0.001427177
2022-04-23,true,10,3,3,3.0,6,6,6.0,8,8,8.0,7,1,3,2.5625,3,5,4.0,5,6,5.090909090909091,2,1,1,1.0,1,1,1.0,1,1,1.0,3,1,2,1.5,1,1,1.0,2,2,2.0,3bd451de238e5e5a28cb15963ad1ce757d8ed51fe62b98583e4fee7a4b04ac7a,0.000121428,0.000130833,0.000428019,0.001426216
2022-04-24,true,10,3,3,3.0,6,6,6.0,8,8,8.0,7,1,3,2.5625,3,5,4.0,5,6,5.090909090909091,2,1,1,1.0,1,1,1.0,1,1,1.0,3,1,2,1.5,1,1,1.0,2,2,2.0,3bd451de238e5e5a28cb15963ad1ce757d8ed51fe62b98583e4fee7a4b04ac7a,0.000113761,0.000130523,0.000429613,0.001400126
2022-04-25,true,10,3,3,3.0,6,6,6.0,8,8,8.0,7,1,3,2.5625,3,5,4.0,5,6,5.090909090909091,2,1,1,1.0,1,1,1.0,1,1,1.0,3,1,2,1.5,1,1,1.0,2,2,2.0,3bd451de238e5e5a28cb15963ad1ce757d8ed51fe62b98583e4fee7a4b04ac7a,0.000112414,0.000129174,0.00043119,0.001426026
2022-04-26,true,10,3,3,3.0,6,6,6.0,8,8,8.0,7,1,3,2.5625,3,5,4.0,5,6,5.090909090909091,2,1,1,1.0,1,1,1.0,1,1,1.0,3,1,2,1.5,1,1,1.0,2,2,2.0,3bd451de238e5e5a28cb15963ad1ce757d8ed51fe62b98583e4fee7a4b04ac7a,0.00011226,0.000129336,0.000430462,0.001394207
2022-04-27,true,10,3,3,3.0,6,6,6.0,8,8,8.0,7,1,3,2.5625,3,5,4.0,5,6,5.090909090909091,2,1,1,1.0,1,1,1.0,1,1,1.0,3,1,2,1.5,1,1,1.0,2,2,2.0,3bd451de238e5e5a28cb15963ad1ce757d8ed51fe62b98583e4fee7a4b04ac7a,0.000115921,0.000130893,0.000437985,0.001442365
2022-04-28,true,10,3,3,3.0,6,6,6.0,8,8,8.0,7,1,3,2.5625,3,5,4.0,5,6,5.090909090909091,2,1,1,1.0,1,1,1.0,1,1,1.0,3,1,2,1.5,1,1,1.0,2,2,2.0,3bd451de238e5e5a28cb15963ad1ce757d8ed51fe62b98583e4fee7a4b04ac7a,0.000111788,0.000129501,0.000439393,0.0014213
2022-04-29,true,10,3,3,3.0,6,6,6.0,8,8,8.0,7,1,3,2.5625,3,5,4.0,5,6,5.090909090909091,2,1,1,1.0,1,1,1.0,1,1,1.0,3,1,2,1.5,1,1,1.0,2,2,2.0,3bd451de238e5e5a28cb15963ad1ce757d8ed51fe62b98583e4fee7a4b04ac7a,0.000114221,0.000129944,0.000428187,0.001431976
2022-04-30,true,10,3,3,3.0,6,6,6.0,8,8,8.0,7,1,3,2.5625,3,5,4.0,5,6,5.090909090909091,2,1,1,1.0,1,1,1.0,1,1,1.0,3,1,2,1.5,1,1,1.0,2,2,2.0,3bd451de238e5e5a28cb15963ad1ce757d8ed51fe62b98583e4fee7a4b04ac7a,0.000112081,0.000129293,0.000428368,0.001416865
2022-05-01,true,10,3,3,3.0,6,6,6.0,8,8,8.0,7,1,3,2.5625,3,5,4.0,5,6,5.090909090909091,2,1,1,1.0,1,1,1.0,1,1,1.0,3,1,2,1.5,1,1,1.0,2,2,2.0,3bd451de238e5e5a28cb15963ad1ce757d8ed51fe62b98583e4fee7a4b04ac7a,0.000112274,0.000129551,0.000429723,0.001421215
2022-05-02,true,10,3,3,3.0,6,6,6.0,8,8,8.0,7,1,3,2.5625,3,5,4.0,5,6,5.090909090909091,2,1,1,1.0,1,1,1.0,1,1,1.0,3,1,2,1.5,1,1,1.0,2,2,2.0,3bd451de238e5e5a28cb15963ad1ce757d8ed51fe62b98583e4fee7a4b04ac7a,0.000112664,0.000129508,0.000429417,0.001388296
2022-05-03,true,10,3,3,3.0,6,6,6.0,8,8,8.0,7,1,3,2.5625,3,5,4.0,5,6,5.090909090909091,2,1,1,1.0,1,1,1.0,1,1,1.0,3,1,2,1.5,1,1,1.0,2,2,2.0,3bd451de238e5e5a28cb15963ad1ce757d8ed51fe62b98583e4fee7a4b04ac7a,0.000114183,0.000143721,0.000431641,0.00144846
2022-05-04,true,10,3,3,3.0,6,6,6.0,8,8,8.0,7,1,3,2.5625,3,5,4.0,5,6,5.090909090909091,2,1,1,1.0,1,1,1.0,1,1,1.0,3,1,2,1.5,1,1,1.0,2,2,2.0,3bd451de238e5e5a28cb15963ad1ce757d8ed51fe62b98583e4fee7a4b04ac7a,0.000118608,0.000130185,0.000431526,0.001394187
2022-05-05,true,10,3,3,3.0,6,6,6.0,8,8,8.0,7,1,3,2.5625,3,5,4.0,5,6,5.090909090909091,2,1,1,1.0,1,1,1.0,1,1,1.0,3,1,2,1.5,1,1,1.0,2,2,2.0,3bd451de238e5e5a28cb15963ad1ce757d8ed51fe62b98583e4fee7a4b04ac7a,0.000112131,0.000129787,0.000443661,0.001436707
2022-05-06,true,9,2,2,2.0,7,7,7.0,8,8,8.0,6,1,2,1.75,4,5,4.142857142857143,5,5,5.0,2,1,1,1.0,1,1,1.0,1,1,1.0,3,1,1,1.0,2,2,2.0,2,2,2.0,2357c21def2891aa9b239658e1912ed8c982cafeebc66d83f05c82e8f39dd6af,0.000037162,0.000045347,0.000100046,0.000524888
2022-05-07,true,10,3,3,3.0,6,6,6.0,8,8,8.0,7,1,3,2.5625,3,5,4.0,5,6,5.090909090909091,2,1,1,1.0,1,1,1.0,1,1,1.0,3,1,2,1.5,1,1,1.0,2,2,2.0,3bd451de238e5e5a28cb15963ad1ce757d8ed51fe62b98583e4fee7a4b04ac7a,0.000111398,0.000129432,0.000428552,0.001392143
2022-05-08,true,10,3,3,3.0,6,6,6.0,8,8,8.0,7,1,3,2.5625,3,5,4.0,5,6,5.090909090909091,2,1,1,1.0,1,1,1.0,1,1,1.0,3,1,2,1.5,1,1,1.0,2,2,2.0,3bd451de238e5e5a28cb15963ad1ce757d8ed51fe62b98583e4fee7a4b04ac7a,0.000112004,0.000129731,0.000440557,0.001428583
2022-05-09,true,10,3,3,3.0,6,6,6.0,8,8,8.0,7,1,3,2.5625,3,5,4.0,5,6,5.090909090909091,2,1,1,1.0,1,1,1.0,1,1,1.0,3,1,2,1.5,1,1,1.0,2,2,2.0,3bd451de238e5e5a28cb15963ad1ce757d8ed51fe62b98583e4fee7a4b04ac7a,0.00011291,0.000129147,0.000428832,0.001410054
2022-05-10,true,10,3,3,3.0,6,6,6.0,8,8,8.0,7,1,3,2.5625,3,5,4.0,5,6,5.090909090909091,2,1,1,1.0,1,1,1.0,1,1,1.0,3,1,2,1.5,1,1,1.0,2,2,2.0,3bd451de238e5e5a28cb15963ad1ce757d8ed51fe62b98583e4fee7a4b04ac7a,0.00011118,0.000129072,0.000438914,0.001410613
2022-05-11,true,10,3,3,3.0,6,6,6.0,8,8,8.0,7,1,3,2.5625,3,5,4.0,5,6,5.090909090909091,2,1,1,1.0,1,1,1.0,1,1,1.0,3,1,2,1.5,1,1,1.0,2,2,2.0,3bd451de238e5e5a28cb15963ad1ce757d8ed51fe62b98583e4fee7a4b04ac7a,0.0001126,0.000130602,0.000429552,0.001395834
2022-05-12,true,10,3,3,3.0,6,6,6.0,8,8,8.0,7,1,3,2.5625,3,5,4.0,5,6,5.090909090909091,2,1,1,1.0,1,1,1.0,1,1,1.0,3,1,2,1.5,1,1,1.0,2,2,2.0,3bd451de238e5e5a28cb15963ad1ce757d8ed51fe62b98583e4fee7a4b04ac7a,0.00011457,0.000130053,0.000440941,0.001439068
2022-05-13,true,10,3,3,3.0,6,6,6.0,8,8,8.0,7,1,3,2.5625,3,5,4.0,5,6,5.090909090909091,2,1,1,1.0,1,1,1.0,1,1,1.0,3,1,2,1.5,1,1,1.0,2,2,2.0,3bd451de238e5e5a28cb15963ad1ce757d8ed51fe62b98583e4fee7a4b04ac7a,0.000112051,0.000128873,0.000429472,0.001405278
2022-05-14,true,10,3,3,3.0,6,6,6.0,8,8,8.0,7,1,3,2.5625,3,5,4.0,5,6,5.090909090909091,2,1,1,1.0,1,1,1.0,1,1,1.0,3,1,2,1.5,1,1,1.0,2,2,2.0,3bd451de238e5e5a28cb15963ad1ce757d8ed51fe62b98583e4fee7a4b04ac7a,0.000111673,0.000139109,0.000430823,0.001451495
2022-05-15,true,10,3,3,3.0,6,6,6.0,8,8,8.0,7,1,3,2.5625,3,5,4.0,5,6,5.090909090909091,2,1,1,1.0,1,1,1.0,1,1,1.0,3,1,2,1.5,1,1,1.0,2,2,2.0,3bd451de238e5e5a28cb15963ad1ce757d8ed51fe62b98583e4fee7a4b04ac7a,0.000112919,0.000128594,0.00043915,0.001413076
2022-05-16,true,10,3,3,3.0,6,6,6.0,8,8,8.0,7,1,3,2.5625,3,5,4.0,5,6,5.090909090909091,2,1,1,1.0,1,1,1.0,1,1,1.0,3,1,2,1.5,1,1,1.0,2,2,2.0,3bd451de238e5e5a28cb15963ad1ce757d8ed51fe62b98583e4fee7a4b04ac7a,0.000111852,0.000140546,0.000427607,0.001410961
2022-05-17,true,10,3,3,3.0,6,6,6.0,8,8,8.0,7,1,3,2.5625,3,5,4.0,5,6,5.090909090909091,2,1,1,1.0,1,1,1.0,1,1,1.0,3,1,2,1.5,1,1,1.0,2,2,2.0,3bd451de238e5e5a28cb15963ad1ce757d8ed51fe62b98583e4fee7a4b04ac7a,0.00011203,0.000129584,0.000427386,0.001409254
2022-05-18,true,10,3,3,3.0,6,6,6.0,8,8,8.0,7,1,3,2.5625,3,5,4.0,5,6,5.090909090909091,2,1,1,1.0,1,1,1.0,1,1,1.0,3,1,2,1.5,1,1,1.0,2,2,2.0,3bd451de238e5e5a28cb15963ad1ce757d8ed51fe62b98583e4fee7a4b04ac7a,0.000111634,0.000139564,0.000429987,0.001403124
2022-05-19,true,10,3,3,3.0,6,6,6.0,8,8,8.0,7,1,3,2.5625,3,5,4.0,5,6,5.090909090909091,2,1,1,1.0,1,1,1.0,1,1,1.0,3,1,2,1.5,1,1,1.0,2,2,2.0,3bd451de238e5e5a28cb15963ad1ce757d8ed51fe62b98583e4fee7a4b04ac7a,0.00011351,0.000129904,0.000430444,0.001398524
2022-05-20,true,10,3,3,3.0,6,6,6.0,8,8,8.0,7,1,3,2.5625,3,5,4.0,5,6,5.090909090909091,2,1,1,1.0,1,1,1.0,1,1,1.0,3,1,2,1.5,1,1,1.0,2,2,2.0,3bd451de238e5e5a28cb15963ad1ce757d8ed51fe62b98583e4fee7a4b04ac7a,0.000112787,0.000139783,0.00042824,0.001425006
2022-05-21,true,10,3,3,3.0,6,6,6.0,8,8,8.0,7,1,3,2.5625,3,5,4.0,5,6,5.090909090909091,2,1,1,1.0,1,1,1.0,1,1,1.0,3,1,2,1.5,1,1,1.0,2,2,2.0,3bd451de238e5e5a28cb15963ad1ce757d8ed51fe62b98583e4fee7a4b04ac7a,0.000113428,0.000130309,0.000440674,0.001394472
2022-05-22,true,10,3,3,3.0,6,6,6.0,8,8,8.0,7,1,3,2.5625,3,5,4.0,5,6,5.090909090909091,2,1,1,1.0,1,1,1.0,1,1,1.0,3,1,2,1.5,1,1,1.0,2,2,2.0,3bd451de238e5e5a28cb15963ad1ce757d8ed51fe62b98583e4fee7a4b04ac7a,0.000111848,0.000139878,0.000426286,0.001410239
2022-05-23,true,10,3,3,3.0,6,6,6.0,8,8,8.0,7,1,3,2.5625,3,5,4.0,5,6,5.090909090909091,2,1,1,1.0,1,1,1.0,1,1,1.0,3,1,2,1.5,1,1,1.0,2,2,2.0,3bd451de238e5e5a28cb15963ad1ce757d8ed51fe62b98583e4fee7a4b04ac7a,0.000113491,0.000128706,0.000425833,0.001395931
2022-05-24,true,10,3,3,3.0,6,6,6.0,8,8,8.0,7,1,3,2.5625,3,5,4.0,5,6,5.090909090909091,2,1,1,1.0,1,1,1.0,1,1,1.0,3,1,2,1.5,1,1,1.0,2,2,2.0,3bd451de238e5e5a28cb15963ad1ce757d8ed51fe62b98583e4fee7a4b04ac7a,0.000112006,0.0001396,0.000430798,0.001428144
2022-05-25,true,10,3,3,3.0,6,6,6.0,8,8,8.0,7,1,3,2.5625,3,5,4.0,5,6,5.090909090909091,2,1,1,1.0,1,1,1.0,1,1,1.0,3,1,2,1.5,1,1,1.0,2,2,2.0,3bd451de238e5e5a28cb15963ad1ce757d8ed51fe62b98583e4fee7a4b04ac7a,0.000113287,0.00013104,0.00042939,0.001410462
2022-05-26,true,10,3,3,3.0,6,6,6.0,8,8,8.0,7,1,3,2.5625,3,5,4.0,5,6,5.090909090909091,2,1,1,1.0,1,1,1.0,1,1,1.0,3,1,2,1.5,1,1,1.0,2,2,2.0,3bd451de238e5e5a28cb15963ad1ce757d8ed51fe62b98583e4fee7a4b04ac7a,0.000111487,0.000138742,0.000445892,0.001441643
2022-05-27,true,10,3,3,3.0,6,6,6.0,8,8,8.0,7,1,3,2.5625,3,5,4.0,5,6,5.090909090909091,2,1,1,1.0,1,1,1.0,1,1,1.0,3,1,2,1.5,1,1,1.0,2,2,2.0,3bd451de238e5e5a28cb15963ad1ce757d8ed51fe62b98583e4fee7a4b04ac7a,0.000122968,0.000130766,0.000431433,0.001407239
2022-05-28,true,10,3,3,3.0,6,6,6.0,8,8,8.0,7,1,3,2.5625,3,5,4.0,5,6,5.090909090909091,2,1,1,1.0,1,1,1.0,1,1,1.0,3,1,2,1.5,1,1,1.0,2,2,2.0,3bd451de238e5e5a28cb15963ad1ce757d8ed51fe62b98583e4fee7a4b04ac7a,0.000121515,0.000131053,0.000428564,0.001431355
2022-05-29,true,10,3,3,3.0,6,6,6.0,8,8,8.0,7,1,3,2.5625,3,5,4.0,5,6,5.090909090909091,2,1,1,1.0,1,1,1.0,1,1,1.0,3,1,2,1.5,1,1,1.0,2,2,2.0,3bd451de238e5e5a28cb15963ad1ce757d8ed51fe62b98583e4fee7a4b04ac7a,0.000112222,0.00012768,0.000430096,0.001408142
2022-05-30,true,10,3,3,3.0,6,6,6.0,8,8,8.0,7,1,3,2.5625,3,5,4.0,5,6,5.090909090909091,2,1,1,1.0,1,1,1.0,1,1,1.0,3,1,2,1.5,1,1,1.0,2,2,2.0,3bd451de238e5e5a28cb15963ad1ce757d8ed51fe62b98583e4fee7a4b04ac7a,0.000122292,0.000132177,0.000433271,0.001426502
2022-05-31,true,10,3,3,3.0,6,6,6.0,8,8,8.0,7,1,3,2.5625,3,5,4.0,5,6,5.090909090909091,2,1,1,1.0,1,1,1.0,1,1,1.0,3,1,2,1.5,1,1,1.0,2,2,2.0,3bd451de238e5e5a28cb15963ad1ce757d8ed51fe62b98583e4fee7a4b04ac7a,0.000115532,0.000128908,0.000430121,0.001412884
2022-06-01,true,10,3,3,3.0,6,6,6.0,8,8,8.0,7,1,3,2.5625,3,5,4.0,5,6,5.090909090909091,2,1,1,1.0,1,1,1.0,1,1,1.0,3,1,2,1.5,1,1,1.0,2,2,2.0,3bd451de238e5e5a28cb15963ad1ce757d8ed51fe62b98583e4fee7a4b04ac7a,0.000127863,0.000130033,0.000429943,0.001456063
2022-06-02,true,10,3,3,3.0,6,6,6.0,8,8,8.0,7,1,3,2.5625,3,5,4.0,5,6,5.090909090909091,2,1,1,1.0,1,1,1.0,1,1,1.0,3,1,2,1.5,1,1,1.0,2,2,2.0,3bd451de238e5e5a28cb15963ad1ce757d8ed51fe62b98583e4fee7a4b04ac7a,0.000112129,0.000130474,0.000429156,0.001420018
2022-06-03,true,10,3,3,3.0,6,6,6.0,8,8,8.0,7,1,3,2.5625,3,5,4.0,5,6,5.090909090909091,2,1,1,1.0,1,1,1.0,1,1,1.0,3,1,2,1.5,1,1,1.0,2,2,2.0,3bd451de238e5e5a28cb15963ad1ce757d8ed51fe62b98583e4fee7a4b04ac7a,0.000119746,0.000130092,0.000431288,0.001430122
2022-06-04,true,10,3,3,3.0,6,6,6.0,8,8,8.0,7,1,3,2.5625,3,5,4.0,5,6,5.090909090909091,2,1,1,1.0,1,1,1.0,1,1,1.0,3,1,2,1.5,1,1,1.0,2,2,2.0,3bd451de238e5e5a28cb15963ad1ce757d8ed51fe62b98583e4fee7a4b04ac7a,0.000111429,0.000129291,0.000428353,0.00139185
2022-06-05,true,10,3,3,3.0,6,6,6.0,8,8,8.0,7,1,3,2.5625,3,5,4.0,5,6,5.090909090909091,2,1,1,1.0,1,1,1.0,1,1,1.0,3,1,2,1.5,1,1,1.0,2,2,2.0,3bd451de238e5e5a28cb15963ad1ce757d8ed51fe62b98583e4fee7a4b04ac7a,0.00011253,0.000130605,0.00043155,0.00142293
2022-06-06,true,10,3,3,3.0,6,6,6.0,8,8,8.0,7,1,3,2.5625,3,5,4.0,5,6,5.090909090909091,2,1,1,1.0,1,1,1.0,1,1,1.0,3,1,2,1.5,1,1,1.0,2,2,2.0,3bd451de238e5e5a28cb15963ad1ce757d8ed51fe62b98583e4fee7a4b04ac7a,0.000112086,0.000129659,0.000429119,0.001420745
2022-06-07,true,10,3,3,3.0,6,6,6.0,8,8,8.0,7,1,3,2.5625,3,5,4.0,5,6,5.090909090909091,2,1,1,1.0,1,1,1.0,1,1,1.0,3,1,2,1.5,1,1,1.0,2,2,2.0,3bd451de238e5e5a28cb15963ad1ce757d8ed51fe62b98583e4fee7a4b04ac7a,0.000111119,0.000128595,0.000428723,0.001419894
2022-06-08,true,10,3,3,3.0,6,6,6.0,8,8,8.0,7,1,3,2.5625,3,5,4.0,5,6,5.090909090909091,2,1,1,1.0,1,1,1.0,1,1,1.0,3,1,2,1.5,1,1,1.0,2,2,2.0,3bd451de238e5e5a28cb15963ad1ce757d8ed51fe62b98583e4fee7a4b04ac7a,0.000111595,0.000128285,0.000430833,0.001401729
2022-06-09,true,10,3,3,3.0,6,6,6.0,8,8,8.0,7,1,3,2.5625,3,5,4.0,5,6,5.090909090909091,2,1,1,1.0,1,1,1.0,1,1,1.0,3,1,2,1.5,1,1,1.0,2,2,2.0,3bd451de238e5e5a28cb15963ad1ce757d8ed51fe62b98583e4fee7a4b04ac7a,0.000111883,0.00013422,0.000429141,0.001441937
2022-06-10,true,10,3,3,3.0,6,6,6.0,8,8,8.0,7,1,3,2.5625,3,5,4.0,5,6,5.090909090909091,2,1,1,1.0,1,1,1.0,1,1,1.0,3,1,2,1.5,1,1,1.0,2,2,2.0,3bd451de238e5e5a28cb15963ad1ce757d8ed51fe62b98583e4fee7a4b04ac7a,0.000115845,0.000130176,0.000428117,0.001421227
2022-06-11,true,10,3,3,3.0,6,6,6.0,8,8,8.0,7,1,3,2.5625,3,5,4.0,5,6,5.090909090909091,2,1,1,1.0,1,1,1.0,1,1,1.0,3,1,2,1.5,1,1,1.0,2,2,2.0,3bd451de238e5e5a28cb15963ad1ce757d8ed51fe62b98583e4fee7a4b04ac7a,0.000113263,0.000130366,0.000429886,0.001447238
2022-06-12,true,10,3,3,3.0,6,6,6.0,8,8,8.0,7,1,3,2.5625,3,5,4.0,5,6,5.090909090909091,2,1,1,1.0,1,1,1.0,1,1,1.0,3,1,2,1.5,1,1,1.0,2,2,2.0,3bd451de238e5e5a28cb15963ad1ce757d8ed51fe62b98583e4fee7a4b04ac7a,0.00011257,0.000128943,0.000430169,0.001416572
2022-06-13,true,10,3,3,3.0,6,6,6.0,8,8,8.0,7,1,3,2.5625,3,5,4.0,5,6,5.090909090909091,2,1,1,1.0,1,1,1.0,1,1,1.0,3,1,2,1.5,1,1,1.0,2,2,2.0,3bd451de238e5e5a28cb15963ad1ce757d8ed51fe62b98583e4fee7a4b04ac7a,0.000111482,0.000128924,0.000432285,0.001428762
2022-06-14,true,10,3,3,3.0,6,6,6.0,8,8,8.0,7,1,3,2.5625,3,5,4.0,5,6,5.090909090909091,2,1,1,1.0,1,1,1.0,1,1,1.0,3,1,2,1.5,1,1,1.0,2,2,2.0,3bd451de238e5e5a28cb15963ad1ce757d8ed51fe62b98583e4fee7a4b04ac7a,0.000112654,0.000128055,0.00042858,0.001403644
2022-06-15,true,10,3,3,3.0,6,6,6.0,8,8,8.0,7,1,3,2.5625,3,5,4.0,5,6,5.090909090909091,2,1,1,1.0,1,1,1.0,1,1,1.0,3,1,2,1.5,1,1,1.0,2,2,2.0,3bd451de238e5e5a28cb15963ad1ce757d8ed51fe62b98583e4fee7a4b04ac7a,0.000112197,0.00013003,0.000442346,0.001434783
2022-06-16,true,10,3,3,3.0,6,6,6.0,8,8,8.0,7,1,3,2.5625,3,5,4.0,5,6,5.090909090909091,2,1,1,1.0,1,1,1.0,1,1,1.0,3,1,2,1.5,1,1,1.0,2,2,2.0,3bd451de238e5e5a28cb15963ad1ce757d8ed51fe62b98583e4fee7a4b04ac7a,0.000111708,0.000127809,0.00042849,0.001390648
2022-06-17,true,10,3,3,3.0,6,6,6.0,8,8,8.0,7,1,3,2.5625,3,5,4.0,5,6,5.090909090909091,2,1,1,1.0,1,1,1.0,1,1,1.0,3,1,2,1.5,1,1,1.0,2,2,2.0,3bd451de238e5e5a28cb15963ad1ce757d8ed51fe62b98583e4fee7a4b04ac7a,0.000112926,0.000129587,0.000439656,0.00143112
2022-06-18,true,10,3,3,3.0,6,6,6.0,8,8,8.0,7,1,3,2.5625,3,5,4.0,5,6,5.090909090909091,2,1,1,1.0,1,1,1.0,1,1,1.0,3,1,2,1.5,1,1,1.0,2,2,2.0,3bd451de238e5e5a28cb15963ad1ce757d8ed51fe62b98583e4fee7a4b04ac7a,0.000112083,0.00012866,0.000441273,0.001413937
2022-06-19,true,10,3,3,3.0,6,6,6.0,8,8,8.0,7,1,3,2.5625,3,5,4.0,5,6,5.090909090909091,2,1,1,1.0,1,1,1.0,1,1,1.0,3,1,2,1.5,1,1,1.0,2,2,2.0,3bd451de238e5e5a28cb15963ad1ce757d8ed51fe62b98583e4fee7a4b04ac7a,0.000111029,0.000128785,0.000430671,0.001434422
2022-06-20,true,10,3,3,3.0,6,6,6.0,8,8,8.0,7,1,3,2.5625,3,5,4.0,5,6,5.090909090909091,2,1,1,1.0,1,1,1.0,1,1,1.0,3,1,2,1.5,1,1,1.0,2,2,2.0,3bd451de238e5e5a28cb15963ad1ce757d8ed51fe62b98583e4fee7a4b04ac7a,0.000112492,0.000129202,0.00042871,0.001390457
2022-06-21,true,10,3,3,3.0,6,6,6.0,8,8,8.0,7,1,3,2.5625,3,5,4.0,5,6,5.090909090909091,2,1,1,1.0,1,1,1.0,1,1,1.0,3,1,2,1.5,1,1,1.0,2,2,2.0,3bd451de238e5e5a28cb15963ad1ce757d8ed51fe62b98583e4fee7a4b04ac7a,0.000111378,0.000129863,0.000428799,0.001405848
2022-06-22,true,10,3,3,3.0,6,6,6.0,8,8,8.0,7,1,3,2.5625,3,5,4.0,5,6,5.090909090909091,2,1,1,1.0,1,1,1.0,1,1,1.0,3,1,2,1.5,1,1,1.0,2,2,2.0,3bd451de238e5e5a28cb15963ad1ce757d8ed51fe62b98583e4fee7a4b04ac7a,0.000112256,0.000129767,0.000429553,0.001427488
2022-06-23,true,10,3,3,3.0,6,6,6.0,8,8,8.0,7,1,3,2.5625,3,5,4.0,5,6,5.090909090909091,2,1,1,1.0,1,1,1.0,1,1,1.0,3,1,2,1.5,1,1,1.0,2,2,2.0,3bd451de238e5e5a28cb15963ad1ce757d8ed51fe62b98583e4fee7a4b04ac7a,0.000112194,0.000128731,0.000438908,0.00140835
2022-06-24,true,10,3,3,3.0,6,6,6.0,8,8,8.0,7,1,3,2.5625,3,5,4.0,5,6,5.090909090909091,2,1,1,1.0,1,1,1.0,1,1,1.0,3,1,2,1.5,1,1,1.0,2,2,2.0,3bd451de238e5e5a28cb15963ad1ce757d8ed51fe62b98583e4fee7a4b04ac7a,0.000112386,0.000129176,0.000439508,0.001424492
2022-06-25,true,10,3,3,3.0,6,6,6.0,8,8,8.0,7,1,3,2.5625,3,5,4.0,5,6,5.090909090909091,2,1,1,1.0,1,1,1.0,1,1,1.0,3,1,2,1.5,1,1,1.0,2,2,2.0,3bd451de238e5e5a28cb15963ad1ce757d8ed51fe62b98583e4fee7a4b04ac7a,0.000111895,0.000130687,0.000429232,0.001412109
2022-06-26,true,10,3,3,3.0,6,6,6.0,8,8,8.0,7,1,3,2.5625,3,5,4.0,5,6,5.090909090909091,2,1,1,1.0,1,1,1.0,1,1,1.0,3,1,2,1.5,1,1,1.0,2,2,2.0,3bd451de238e5e5a28cb15963ad1ce757d8ed51fe62b98583e4fee7a4b04ac7a,0.000112689,0.000128388,0.000429199,0.001413654
2022-06-27,true,10,3,3,3.0,6,6,6.0,8,8,8.0,7,1,3,2.5625,3,5,4.0,5,6,5.090909090909091,2,1,1,1.0,1,1,1.0,1,1,1.0,3,1,2,1.5,1,1,1.0,2,2,2.0,3bd451de238e5e5a28cb15963ad1ce757d8ed51fe62b98583e4fee7a4b04ac7a,0.000112673,0.000143231,0.000430799,0.00142452
2022-06-28,true,10,3,3,3.0,6,6,6.0,8,8,8.0,7,1,3,2.5625,3,5,4.0,5,6,5.090909090909091,2,1,1,1.0,1,1,1.0,1,1,1.0,3,1,2,1.5,1,1,1.0,2,2,2.0,3bd451de238e5e5a28cb15963ad1ce757d8ed51fe62b98583e4fee7a4b04ac7a,0.000111364,0.000128585,0.000430644,0.001425371
2022-06-29,true,10,3,3,3.0,6,6,6.0,8,8,8.0,7,1,3,2.5625,3,5,4.0,5,6,5.090909090909091,2,1,1,1.0,1,1,1.0,1,1,1.0,3,1,2,1.5,1,1,1.0,2,2,2.0,3bd451de238e5e5a28cb15963ad1ce757d8ed51fe62b98583e4fee7a4b04ac7a,0.000127405,0.00012955,0.000428935,0.001433473
2022-06-30,true,10,3,3,3.0,6,6,6.0,8,8,8.0,7,1,3,2.5625,3,5,4.0,5,6,5.090909090909091,2,1,1,1.0,1,1,1.0,1,1,1.0,3,1,2,1.5,1,1,1.0,2,2,2.0,3bd451de238e5e5a28cb15963ad1ce757d8ed51fe62b98583e4fee7a4b04ac7a,0.000114984,0.000129523,0.00043035,0.001440495
2022-07-01,true,10,3,3,3.0,6,6,6.0,8,8,8.0,7,1,3,2.5625,3,5,4.0,5,6,5.090909090909091,2,1,1,1.0,1,1,1.0,1,1,1.0,3,1,2,1.5,1,1,1.0,2,2,2.0,3bd451de238e5e5a28cb15963ad1ce757d8ed51fe62b98583e4fee7a4b04ac7a,0.000112387,0.000129445,0.000430052,0.001390933
2022-07-02,true,10,3,3,3.0,6,6,6.0,8,8,8.0,7,1,3,2.5625,3,5,4.0,5,6,5.090909090909091,2,1,1,1.0,1,1,1.0,1,1,1.0,3,1,2,1.5,1,1,1.0,2,2,2.0,3bd451de238e5e5a28cb15963ad1ce757d8ed51fe62b98583e4fee7a4b04ac7a,0.000111937,0.000130469,0.000432245,0.001435536
2022-07-03,true,10,3,3,3.0,6,6,6.0,8,8,8.0,7,1,3,2.5625,3,5,4.0,5,6,5.090909090909091,2,1,1,1.0,1,1,1.0,1,1,1.0,3,1,2,1.5,1,1,1.0,2,2,2.0,3bd451de238e5e5a28cb15963ad1ce757d8ed51fe62b98583e4fee7a4b04ac7a,0.000116676,0.00012914,0.000431098,0.001409728
2022-07-04,true,10,3,3,3.0,6,6,6.0,8,8,8.0,7,1,3,2.5625,3,5,4.0,5,6,5.090909090909091,2,1,1,1.0,1,1,1.0,1,1,1.0,3,1,2,1.5,1,1,1.0,2,2,2.0,3bd451de238e5e5a28cb15963ad1ce757d8ed51fe62b98583e4fee7a4b04ac7a,0.000113703,0.000130219,0.000430401,0.001436881
2022-07-05,true,10,3,3,3.0,6,6,6.0,8,8,8.0,7,1,3,2.5625,3,5,4.0,5,6,5.090909090909091,2,1,1,1.0,1,1,1.0,1,1,1.0,3,1,2,1.5,1,1,1.0,2,2,2.0,3bd451de238e5e5a28cb15963ad1ce757d8ed51fe62b98583e4fee7a4b04ac7a,0.000111882,0.000129184,0.000430115,0.001415077
2022-07-06,true,10,3,3,3.0,6,6,6.0,8,8,8.0,7,1,3,2.5625,3,5,4.0,5,6,5.090909090909091,2,1,1,1.0,1,1,1.0,1,1,1.0,3,1,2,1.5,1,1,1.0,2,2,2.0,3bd451de238e5e5a28cb15963ad1ce757d8ed51fe62b98583e4fee7a4b04ac7a,0.000114039,0.000129579,0.000425308,0.001422656
2022-07-07,true,10,3,3,3.0,6,6,6.0,8,8,8.0,7,1,3,2.5625,3,5,4.0,5,6,5.090909090909091,2,1,1,1.0,1,1,1.0,1,1,1.0,3,1,2,1.5,1,1,1.0,2,2,2.0,3bd451de238e5e5a28cb15963ad1ce757d8ed51fe62b98583e4fee7a4b04ac7a,0.000112027,0.000128713,0.000429855,0.001390757
2022-07-08,true,10,3,3,3.0,6,6,6.0,8,8,8.0,7,1,3,2.5625,3,5,4.0,5,6,5.090909090909091,2,1,1,1.0,1,1,1.0,1,1,1.0,3,1,2,1.5,1,1,1.0,2,2,2.0,3bd451de238e5e5a28cb15963ad1ce757d8ed51fe62b98583e4fee7a4b04ac7a,0.000111858,0.000128596,0.000430262,0.001425759
2022-07-09,true,10,3,3,3.0,6,6,6.0,8,8,8.0,7,1,3,2.5625,3,5,4.0,5,6,5.090909090909091,2,1,1,1.0,1,1,1.0,1,1,1.0,3,1,2,1.5,1,1,1.0,2,2,2.0,3bd451de238e5e5a28cb15963ad1ce757d8ed51fe62b98583e4fee7a4b04ac7a,0.000112813,0.000128342,0.000429492,0.001416359
2022-07-10,true,10,3,3,3.0,6,6,6.0,8,8,8.0,7,1,3,2.5625,3,5,4.0,5,6,5.090909090909091,2,1,1,1.0,1,1,1.0,1,1,1.0,3,1,2,1.5,1,1,1.0,2,2,2.0,3bd451de238e5e5a28cb15963ad1ce757d8ed51fe62b98583e4fee7a4b04ac7a,0.000111664,0.000129399,0.000428625,0.001457108
2022-07-11,true,10,3,3,3.0,6,6,6.0,8,8,8.0,7,1,3,2.5625,3,5,4.0,5,6,5.090909090909091,2,1,1,1.0,1,1,1.0,1,1,1.0,3,1,2,1.5,1,1,1.0,2,2,2.0,3bd451de238e5e5a28cb15963ad1ce757d8ed51fe62b98583e4fee7a4b04ac7a,0.000122923,0.000122572,0.000408207,0.001359172
