label,has_quorum_intersection,top_tier_size,mbs_min,mbs_max,mbs_mean,mss_min,mss_max,mss_mean,mq_min,mq_max,mq_mean,orgs_top_tier_size,orgs_mbs_min,orgs_mbs_max,orgs_mbs_mean,orgs_mss_min,orgs_mss_max,orgs_mss_mean,orgs_mq_min,orgs_mq_max,orgs_mq_mean,standard_form_hash,analysis_duration_mq,analysis_duration_mbs,analysis_duration_mss,analysis_duration_total
2019-07-01,true,17,4,5,4.689655172413793,3,3,3.0,8,9,8.930232558139535,5,2,2,2.0,3,3,3.0,4,4,4.0,6f73c7787f38fdde66470cc3b2e469e092c70f52823396ae13e52c9a561b20f5,0.005180136,0.000407334,0.000590788,0.022331993
2019-07-02,true,17,4,5,4.689655172413793,3,3,3.0,8,9,8.930232558139535,5,2,2,2.0,3,3,3.0,4,4,4.0,6f73c7787f38fdde66470cc3b2e469e092c70f52823396ae13e52c9a561b20f5,0.002090698,0.000278663,0.000411558,0.010627052
2019-07-03,true,17,4,5,4.689655172413793,3,3,3.0,8,9,8.930232558139535,5,2,2,2.0,3,3,3.0,4,4,4.0,6f73c7787f38fdde66470cc3b2e469e092c70f52823396ae13e52c9a561b20f5,0.001463748,0.000208436,0.00030844,0.007789531
2019-07-04,true,17,4,5,4.689655172413793,3,3,3.0,8,9,8.930232558139535,5,2,2,2.0,3,3,3.0,4,4,4.0,6f73c7787f38fdde66470cc3b2e469e092c70f52823396ae13e52c9a561b20f5,0.00118888,0.000185668,0.000271624,0.006703208
2019-07-05,true,17,4,5,4.689655172413793,3,3,3.0,8,9,8.930232558139535,5,2,2,2.0,3,3,3.0,4,4,4.0,6f73c7787f38fdde66470cc3b2e469e092c70f52823396ae13e52c9a561b20f5,0.001055379,0.000169809,0.000249958,0.005917446
2019-07-06,true,17,4,5,4.689655172413793,3,3,3.0,8,9,8.930232558139535,5,2,2,2.0,3,3,3.0,4,4,4.0,6f73c7787f38fdde66470cc3b2e469e092c70f52823396ae13e52c9a561b20f5,0.001047027,0.000169944,0.000252669,0.005851735
2019-07-07,true,17,4,5,4.689655172413793,3,3,3.0,8,9,8.930232558139535,5,2,2,2.0,3,3,3.0,4,4,4.0,6f73c7787f38fdde66470cc3b2e469e092c70f52823396ae13e52c9a561b20f5,0.001110406,0.00017185,0.000253922,0.005921742
2019-07-08,true,17,4,5,4.689655172413793,3,3,3.0,8,9,8.930232558139535,5,2,2,2.0,3,3,3.0,4,4,4.0,6f73c7787f38fdde66470cc3b2e469e092c70f52823396ae13e52c9a561b20f5,0.001053704,0.000170116,0.000287076,0.005800387
2019-07-09,true,17,4,5,4.689655172413793,3,3,3.0,8,9,8.930232558139535,5,2,2,2.0,3,3,3.0,4,4,4.0,6f73c7787f38fdde66470cc3b2e469e092c70f52823396ae13e52c9a561b20f5,0.001051661,0.000170046,0.000253039,0.005742591
2019-07-10,true,17,4,5,4.689655172413793,3,3,3.0,8,9,8.930232558139535,5,2,2,2.0,3,3,3.0,4,4,4.0,6f73c7787f38fdde66470cc3b2e469e092c70f52823396ae13e52c9a561b20f5,0.001083216,0.000173752,0.000256354,0.005970818
2019-07-11,true,17,4,5,4.689655172413793,3,3,3.0,8,9,8.930232558139535,5,2,2,2.0,3,3,3.0,4,4,4.0,6f73c7787f38fdde66470cc3b2e469e092c70f52823396ae13e52c9a561b20f5,0.001082076,0.000174416,0.00026423,0.005893724
2019-07-12,true,17,4,5,4.689655172413793,3,3,3.0,8,9,8.930232558139535,5,2,2,2.0,3,3,3.0,4,4,4.0,6f73c7787f38fdde66470cc3b2e469e092c70f52823396ae13e52c9a561b20f5,0.001084075,0.000172122,0.000296443,0.005917369
2019-07-13,true,17,4,5,4.689655172413793,3,3,3.0,8,9,8.930232558139535,5,2,2,2.0,3,3,3.0,4,4,4.0,6f73c7787f38fdde66470cc3b2e469e092c70f52823396ae13e52c9a561b20f5,0.001082223,0.000173221,0.000265107,0.005792657
2019-07-14,true,17,4,5,4.689655172413793,3,3,3.0,8,9,8.930232558139535,5,2,2,2.0,3,3,3.0,4,4,4.0,6f73c7787f38fdde66470cc3b2e469e092c70f52823396ae13e52c9a561b20f5,0.001200179,0.000173923,0.000258119,0.005971014
2019-07-15,true,17,4,5,4.689655172413793,3,3,3.0,8,9,8.930232558139535,5,2,2,2.0,3,3,3.0,4,4,4.0,6f73c7787f38fdde66470cc3b2e469e092c70f52823396ae13e52c9a561b20f5,0.001092822,0.000172499,0.000257717,0.005813847
2019-07-16,true,17,4,5,4.689655172413793,3,3,3.0,8,9,8.930232558139535,5,2,2,2.0,3,3,3.0,4,4,4.0,6f73c7787f38fdde66470cc3b2e469e092c70f52823396ae13e52c9a561b20f5,0.001092226,0.000178293,0.000259614,0.006054857
2019-07-17,true,17,4,5,4.689655172413793,3,3,3.0,8,9,8.930232558139535,5,2,2,2.0,3,3,3.0,4,4,4.0,6f73c7787f38fdde66470cc3b2e469e092c70f52823396ae13e52c9a561b20f5,0.001085652,0.000173043,0.000256845,0.005824933
2019-07-18,true,17,4,5,4.689655172413793,3,3,3.0,8,9,8.930232558139535,5,2,2,2.0,3,3,3.0,4,4,4.0,6f73c7787f38fdde66470cc3b2e469e092c70f52823396ae13e52c9a561b20f5,0.001123056,0.000174867,0.000257438,0.005976217
2019-07-19,true,17,4,5,4.689655172413793,3,3,3.0,8,9,8.930232558139535,5,2,2,2.0,3,3,3.0,4,4,4.0,6f73c7787f38fdde66470cc3b2e469e092c70f52823396ae13e52c9a561b20f5,0.001085545,0.000173209,0.000255952,0.005788695
2019-07-20,true,17,4,5,4.689655172413793,3,3,3.0,8,9,8.930232558139535,5,2,2,2.0,3,3,3.0,4,4,4.0,6f73c7787f38fdde66470cc3b2e469e092c70f52823396ae13e52c9a561b20f5,0.001098795,0.000172746,0.000266455,0.005830145
2019-07-21,true,17,4,5,4.689655172413793,3,3,3.0,8,9,8.930232558139535,5,2,2,2.0,3,3,3.0,4,4,4.0,6f73c7787f38fdde66470cc3b2e469e092c70f52823396ae13e52c9a561b20f5,0.001082729,0.000172392,0.000256893,0.00585264
2019-07-22,true,17,4,5,4.689655172413793,3,3,3.0,8,9,8.930232558139535,5,2,2,2.0,3,3,3.0,4,4,4.0,6f73c7787f38fdde66470cc3b2e469e092c70f52823396ae13e52c9a561b20f5,0.001125736,0.000173764,0.000267487,0.005838003
2019-07-23,true,17,4,5,4.689655172413793,3,3,3.0,8,9,8.930232558139535,5,2,2,2.0,3,3,3.0,4,4,4.0,6f73c7787f38fdde66470cc3b2e469e092c70f52823396ae13e52c9a561b20f5,0.00109897,0.000198254,0.000274328,0.005958696
2019-07-24,true,17,4,5,4.689655172413793,3,3,3.0,8,9,8.930232558139535,5,2,2,2.0,3,3,3.0,4,4,4.0,6f73c7787f38fdde66470cc3b2e469e092c70f52823396ae13e52c9a561b20f5,0.001317716,0.000178899,0.000263863,0.006132259
2019-07-25,true,17,4,5,4.689655172413793,3,3,3.0,8,9,8.930232558139535,5,2,2,2.0,3,3,3.0,4,4,4.0,6f73c7787f38fdde66470cc3b2e469e092c70f52823396ae13e52c9a561b20f5,0.001099267,0.000209681,0.000260305,0.005945821
2019-07-26,true,17,4,5,4.689655172413793,3,3,3.0,8,9,8.930232558139535,5,2,2,2.0,3,3,3.0,4,4,4.0,6f73c7787f38fdde66470cc3b2e469e092c70f52823396ae13e52c9a561b20f5,0.001104078,0.000173215,0.000263172,0.005911679
2019-07-27,true,17,4,5,4.689655172413793,3,3,3.0,8,9,8.930232558139535,5,2,2,2.0,3,3,3.0,4,4,4.0,6f73c7787f38fdde66470cc3b2e469e092c70f52823396ae13e52c9a561b20f5,0.001099987,0.000172598,0.000296149,0.005929286
2019-07-28,true,17,4,5,4.689655172413793,3,3,3.0,8,9,8.930232558139535,5,2,2,2.0,3,3,3.0,4,4,4.0,6f73c7787f38fdde66470cc3b2e469e092c70f52823396ae13e52c9a561b20f5,0.001098858,0.000174414,0.000260965,0.005950766
2019-07-29,true,17,4,5,4.689655172413793,3,3,3.0,8,9,8.930232558139535,5,2,2,2.0,3,3,3.0,4,4,4.0,6f73c7787f38fdde66470cc3b2e469e092c70f52823396ae13e52c9a561b20f5,0.001097111,0.000172223,0.000264307,0.005879564
2019-07-30,true,17,4,5,4.689655172413793,3,3,3.0,8,9,8.930232558139535,5,2,2,2.0,3,3,3.0,4,4,4.0,6f73c7787f38fdde66470cc3b2e469e092c70f52823396ae13e52c9a561b20f5,0.001098677,0.000173264,0.000260921,0.005902888
2019-07-31,true,17,4,5,4.689655172413793,3,3,3.0,8,9,8.930232558139535,5,2,2,2.0,3,3,3.0,4,4,4.0,6f73c7787f38fdde66470cc3b2e469e092c70f52823396ae13e52c9a561b20f5,0.001000824,0.000295437,0.000469491,0.006333491
2019-08-01,true,17,4,5,4.689655172413793,3,3,3.0,8,9,8.930232558139535,5,2,2,2.0,3,3,3.0,4,4,4.0,6f73c7787f38fdde66470cc3b2e469e092c70f52823396ae13e52c9a561b20f5,0.001001451,0.000170491,0.000245112,0.005654126
2019-08-02,true,17,4,5,4.689655172413793,3,3,3.0,8,9,8.930232558139535,5,2,2,2.0,3,3,3.0,4,4,4.0,6f73c7787f38fdde66470cc3b2e469e092c70f52823396ae13e52c9a561b20f5,0.001000058,0.000172467,0.000244726,0.005868036
2019-08-03,true,17,4,5,4.689655172413793,3,3,3.0,8,9,8.930232558139535,5,2,2,2.0,3,3,3.0,4,4,4.0,6f73c7787f38fdde66470cc3b2e469e092c70f52823396ae13e52c9a561b20f5,0.001001955,0.000169772,0.000245921,0.005731858
2019-08-04,true,17,4,5,4.689655172413793,3,3,3.0,8,9,8.930232558139535,5,2,2,2.0,3,3,3.0,4,4,4.0,6f73c7787f38fdde66470cc3b2e469e092c70f52823396ae13e52c9a561b20f5,0.000999654,0.000169372,0.000244651,0.005763914
2019-08-05,true,17,4,5,4.689655172413793,3,3,3.0,8,9,8.930232558139535,5,2,2,2.0,3,3,3.0,4,4,4.0,6f73c7787f38fdde66470cc3b2e469e092c70f52823396ae13e52c9a561b20f5,0.001053995,0.000172796,0.000245402,0.005820575
2019-08-06,true,17,4,5,4.689655172413793,3,3,3.0,8,9,8.930232558139535,5,2,2,2.0,3,3,3.0,4,4,4.0,6f73c7787f38fdde66470cc3b2e469e092c70f52823396ae13e52c9a561b20f5,0.001040823,0.000169615,0.000246108,0.005758488
2019-08-07,true,17,4,5,4.689655172413793,3,3,3.0,8,9,8.930232558139535,5,2,2,2.0,3,3,3.0,4,4,4.0,6f73c7787f38fdde66470cc3b2e469e092c70f52823396ae13e52c9a561b20f5,0.001000284,0.000168173,0.000251473,0.005700659
2019-08-08,true,17,4,5,4.689655172413793,3,3,3.0,8,9,8.930232558139535,5,2,2,2.0,3,3,3.0,4,4,4.0,6f73c7787f38fdde66470cc3b2e469e092c70f52823396ae13e52c9a561b20f5,0.001065954,0.000170603,0.000244967,0.005855736
2019-08-09,true,17,4,5,4.689655172413793,3,3,3.0,8,9,8.930232558139535,5,2,2,2.0,3,3,3.0,4,4,4.0,6f73c7787f38fdde66470cc3b2e469e092c70f52823396ae13e52c9a561b20f5,0.001000383,0.000201518,0.00024492,0.005659199
2019-08-10,true,17,4,5,4.689655172413793,3,3,3.0,8,9,8.930232558139535,5,2,2,2.0,3,3,3.0,4,4,4.0,6f73c7787f38fdde66470cc3b2e469e092c70f52823396ae13e52c9a561b20f5,0.000995385,0.000168671,0.000243888,0.005627834
2019-08-11,true,17,4,5,4.689655172413793,3,3,3.0,8,9,8.930232558139535,5,2,2,2.0,3,3,3.0,4,4,4.0,6f73c7787f38fdde66470cc3b2e469e092c70f52823396ae13e52c9a561b20f5,0.001000061,0.000168415,0.000245686,0.005636464
2019-08-12,true,17,4,5,4.689655172413793,3,3,3.0,8,9,8.930232558139535,5,2,2,2.0,3,3,3.0,4,4,4.0,6f73c7787f38fdde66470cc3b2e469e092c70f52823396ae13e52c9a561b20f5,0.000999322,0.000169111,0.000246421,0.005582149
2019-08-13,true,17,4,5,4.689655172413793,3,3,3.0,8,9,8.930232558139535,5,2,2,2.0,3,3,3.0,4,4,4.0,6f73c7787f38fdde66470cc3b2e469e092c70f52823396ae13e52c9a561b20f5,0.001001084,0.000168913,0.000246054,0.005624758
2019-08-14,true,17,4,5,4.689655172413793,3,3,3.0,8,9,8.930232558139535,5,2,2,2.0,3,3,3.0,4,4,4.0,6f73c7787f38fdde66470cc3b2e469e092c70f52823396ae13e52c9a561b20f5,0.001000034,0.0001699,0.000247556,0.005507401
2019-08-15,true,17,4,5,4.689655172413793,3,3,3.0,8,9,8.930232558139535,5,2,2,2.0,3,3,3.0,4,4,4.0,6f73c7787f38fdde66470cc3b2e469e092c70f52823396ae13e52c9a561b20f5,0.001001072,0.00016852,0.000246412,0.005873907
2019-08-16,true,17,4,5,4.689655172413793,3,3,3.0,8,9,8.930232558139535,5,2,2,2.0,3,3,3.0,4,4,4.0,6f73c7787f38fdde66470cc3b2e469e092c70f52823396ae13e52c9a561b20f5,0.001003687,0.000169245,0.000294536,0.005794513
2019-08-17,true,17,4,5,4.689655172413793,3,3,3.0,8,9,8.930232558139535,5,2,2,2.0,3,3,3.0,4,4,4.0,6f73c7787f38fdde66470cc3b2e469e092c70f52823396ae13e52c9a561b20f5,0.000997877,0.000170172,0.000265193,0.005532441
2019-08-18,true,17,4,5,4.689655172413793,3,3,3.0,8,9,8.930232558139535,5,2,2,2.0,3,3,3.0,4,4,4.0,6f73c7787f38fdde66470cc3b2e469e092c70f52823396ae13e52c9a561b20f5,0.001036856,0.000169329,0.000247185,0.005570401
2019-08-19,true,17,4,5,4.689655172413793,3,3,3.0,8,9,8.930232558139535,5,2,2,2.0,3,3,3.0,4,4,4.0,6f73c7787f38fdde66470cc3b2e469e092c70f52823396ae13e52c9a561b20f5,0.000997726,0.000168685,0.000254721,0.00548949
2019-08-20,true,17,4,5,4.689655172413793,3,3,3.0,8,9,8.930232558139535,5,2,2,2.0,3,3,3.0,4,4,4.0,6f73c7787f38fdde66470cc3b2e469e092c70f52823396ae13e52c9a561b20f5,0.001066785,0.000168822,0.000255015,0.005548088
2019-08-21,true,17,4,5,4.689655172413793,3,3,3.0,8,9,8.930232558139535,5,2,2,2.0,3,3,3.0,4,4,4.0,6f73c7787f38fdde66470cc3b2e469e092c70f52823396ae13e52c9a561b20f5,0.0010005,0.000171848,0.000247389,0.005617606
2019-08-22,true,17,4,5,4.689655172413793,3,3,3.0,8,9,8.930232558139535,5,2,2,2.0,3,3,3.0,4,4,4.0,6f73c7787f38fdde66470cc3b2e469e092c70f52823396ae13e52c9a561b20f5,0.000998323,0.000169007,0.000252469,0.005507096
2019-08-23,true,17,4,5,4.689655172413793,3,3,3.0,8,9,8.930232558139535,5,2,2,2.0,3,3,3.0,4,4,4.0,6f73c7787f38fdde66470cc3b2e469e092c70f52823396ae13e52c9a561b20f5,0.001106882,0.000169535,0.000249553,0.005742031
2019-08-24,true,17,4,5,4.689655172413793,3,3,3.0,8,9,8.930232558139535,5,2,2,2.0,3,3,3.0,4,4,4.0,6f73c7787f38fdde66470cc3b2e469e092c70f52823396ae13e52c9a561b20f5,0.00105421,0.000171021,0.000251615,0.005688879
2019-08-25,true,17,4,5,4.689655172413793,3,3,3.0,8,9,8.930232558139535,5,2,2,2.0,3,3,3.0,4,4,4.0,6f73c7787f38fdde66470cc3b2e469e092c70f52823396ae13e52c9a561b20f5,0.001089222,0.000170108,0.000250765,0.00576676
2019-08-26,true,17,4,5,4.689655172413793,3,3,3.0,8,9,8.930232558139535,5,2,2,2.0,3,3,3.0,4,4,4.0,6f73c7787f38fdde66470cc3b2e469e092c70f52823396ae13e52c9a561b20f5,0.001054317,0.000174105,0.000281974,0.005665523
2019-08-27,true,17,4,5,4.689655172413793,3,3,3.0,8,9,8.930232558139535,5,2,2,2.0,3,3,3.0,4,4,4.0,6f73c7787f38fdde66470cc3b2e469e092c70f52823396ae13e52c9a561b20f5,0.001086139,0.000173298,0.000254907,0.005865812
2019-08-28,true,17,4,5,4.689655172413793,3,3,3.0,8,9,8.930232558139535,5,2,2,2.0,3,3,3.0,4,4,4.0,6f73c7787f38fdde66470cc3b2e469e092c70f52823396ae13e52c9a561b20f5,0.001084274,0.000171595,0.000255743,0.005908375
2019-08-29,true,17,4,5,4.689655172413793,3,3,3.0,8,9,8.930232558139535,5,2,2,2.0,3,3,3.0,4,4,4.0,6f73c7787f38fdde66470cc3b2e469e092c70f52823396ae13e52c9a561b20f5,0.001055317,0.000171141,0.000252325,0.005748126
2019-08-30,true,17,4,5,4.689655172413793,3,3,3.0,8,9,8.930232558139535,5,2,2,2.0,3,3,3.0,4,4,4.0,6f73c7787f38fdde66470cc3b2e469e092c70f52823396ae13e52c9a561b20f5,0.001051681,0.000170355,0.000249425,0.005761506
2019-08-31,true,17,4,5,4.689655172413793,3,3,3.0,8,9,8.930232558139535,5,2,2,2.0,3,3,3.0,4,4,4.0,6f73c7787f38fdde66470cc3b2e469e092c70f52823396ae13e52c9a561b20f5,0.001047967,0.000170025,0.000249782,0.005746512
2019-09-01,true,17,4,5,4.689655172413793,3,3,3.0,8,9,8.930232558139535,5,2,2,2.0,3,3,3.0,4,4,4.0,6f73c7787f38fdde66470cc3b2e469e092c70f52823396ae13e52c9a561b20f5,0.001087828,0.00017169,0.000254254,0.005756626
2019-09-02,true,17,4,5,4.689655172413793,3,3,3.0,8,9,8.930232558139535,5,2,2,2.0,3,3,3.0,4,4,4.0,6f73c7787f38fdde66470cc3b2e469e092c70f52823396ae13e52c9a561b20f5,0.001064814,0.000171611,0.000255682,0.005671346
2019-09-03,true,17,4,5,4.689655172413793,3,3,3.0,8,9,8.930232558139535,5,2,2,2.0,3,3,3.0,4,4,4.0,6f73c7787f38fdde66470cc3b2e469e092c70f52823396ae13e52c9a561b20f5,0.001091108,0.000171903,0.000253873,0.005773586
2019-09-04,true,17,4,5,4.689655172413793,3,3,3.0,8,9,8.930232558139535,5,2,2,2.0,3,3,3.0,4,4,4.0,6f73c7787f38fdde66470cc3b2e469e092c70f52823396ae13e52c9a561b20f5,0.001053239,0.000168781,0.000289576,0.005716769
2019-09-05,true,16,3,5,4.464516129032258,3,3,3.0,8,9,8.952380952380953,5,2,2,2.0,3,3,3.0,4,4,4.0,f693ea9a99da14811e980b294b637effe29fa61dc88bee5476b0d470da9b1a58,0.000553073,0.000148032,0.000143694,0.003025866
2019-09-06,true,17,4,5,4.689655172413793,3,3,3.0,8,9,8.930232558139535,5,2,2,2.0,3,3,3.0,4,4,4.0,6f73c7787f38fdde66470cc3b2e469e092c70f52823396ae13e52c9a561b20f5,0.001086951,0.000172929,0.000257364,0.005734002
2019-09-07,true,17,4,5,4.689655172413793,3,3,3.0,8,9,8.930232558139535,5,2,2,2.0,3,3,3.0,4,4,4.0,6f73c7787f38fdde66470cc3b2e469e092c70f52823396ae13e52c9a561b20f5,0.001134441,0.000174802,0.000262317,0.005903964
2019-09-08,true,17,4,5,4.689655172413793,3,3,3.0,8,9,8.930232558139535,5,2,2,2.0,3,3,3.0,4,4,4.0,6f73c7787f38fdde66470cc3b2e469e092c70f52823396ae13e52c9a561b20f5,0.00122679,0.000179928,0.000266592,0.006156027
2019-09-09,true,17,4,5,4.689655172413793,3,3,3.0,8,9,8.930232558139535,5,2,2,2.0,3,3,3.0,4,4,4.0,6f73c7787f38fdde66470cc3b2e469e092c70f52823396ae13e52c9a561b20f5,0.001138033,0.000175312,0.000261456,0.0059065
2019-09-10,true,17,4,5,4.689655172413793,3,3,3.0,8,9,8.930232558139535,5,2,2,2.0,3,3,3.0,4,4,4.0,6f73c7787f38fdde66470cc3b2e469e092c70f52823396ae13e52c9a561b20f5,0.001099662,0.000174833,0.000262113,0.005789345
2019-09-11,true,17,4,5,4.689655172413793,3,3,3.0,8,9,8.930232558139535,5,2,2,2.0,3,3,3.0,4,4,4.0,6f73c7787f38fdde66470cc3b2e469e092c70f52823396ae13e52c9a561b20f5,0.001141215,0.000168198,0.000262661,0.00591498
2019-09-12,true,17,4,5,4.689655172413793,3,3,3.0,8,9,8.930232558139535,5,2,2,2.0,3,3,3.0,4,4,4.0,6f73c7787f38fdde66470cc3b2e469e092c70f52823396ae13e52c9a561b20f5,0.001101693,0.000207281,0.000261225,0.005794741
2019-09-13,true,17,4,5,4.689655172413793,3,3,3.0,8,9,8.930232558139535,5,2,2,2.0,3,3,3.0,4,4,4.0,6f73c7787f38fdde66470cc3b2e469e092c70f52823396ae13e52c9a561b20f5,0.001106656,0.000168797,0.00026099,0.005856113
2019-09-14,true,17,4,5,4.689655172413793,3,3,3.0,8,9,8.930232558139535,5,2,2,2.0,3,3,3.0,4,4,4.0,6f73c7787f38fdde66470cc3b2e469e092c70f52823396ae13e52c9a561b20f5,0.001102249,0.000174408,0.00029234,0.005820151
2019-09-15,true,17,4,5,4.689655172413793,3,3,3.0,8,9,8.930232558139535,5,2,2,2.0,3,3,3.0,4,4,4.0,6f73c7787f38fdde66470cc3b2e469e092c70f52823396ae13e52c9a561b20f5,0.001106929,0.000169802,0.000263477,0.00581871
2019-09-16,true,17,4,5,4.689655172413793,3,3,3.0,8,9,8.930232558139535,5,2,2,2.0,3,3,3.0,4,4,4.0,6f73c7787f38fdde66470cc3b2e469e092c70f52823396ae13e52c9a561b20f5,0.001100952,0.000173894,0.000261931,0.00580065
2019-09-17,true,17,4,5,4.689655172413793,3,3,3.0,8,9,8.930232558139535,5,2,2,2.0,3,3,3.0,4,4,4.0,6f73c7787f38fdde66470cc3b2e469e092c70f52823396ae13e52c9a561b20f5,0.001107151,0.00016974,0.000264098,0.00581769
2019-09-18,true,17,4,5,4.689655172413793,3,3,3.0,8,9,8.930232558139535,5,2,2,2.0,3,3,3.0,4,4,4.0,6f73c7787f38fdde66470cc3b2e469e092c70f52823396ae13e52c9a561b20f5,0.001151949,0.000173852,0.00026336,0.00594752
2019-09-19,false,18,5,6,5.689655172413793,0,0,0.0,1,9,8.923407917383821,6,3,3,3.0,0,0,0.0,1,4,3.5,c72c69c824abf6ea654f441287c175140578404b66d06f9a61d3fcc0565e195b,0.001087477,0.000185426,0.000064957,0.003584899
2019-09-20,false,18,5,6,5.689655172413793,0,0,0.0,1,9,8.923407917383821,6,3,3,3.0,0,0,0.0,1,4,3.5,c72c69c824abf6ea654f441287c175140578404b66d06f9a61d3fcc0565e195b,0.001197927,0.000228371,0.000058214,0.003746303
2019-09-21,false,18,5,6,5.689655172413793,0,0,0.0,1,9,8.923407917383821,6,3,3,3.0,0,0,0.0,1,4,3.5,c72c69c824abf6ea654f441287c175140578404b66d06f9a61d3fcc0565e195b,0.001119285,0.00019475,0.000058199,0.00363695
2019-09-22,false,18,5,6,5.689655172413793,0,0,0.0,1,9,8.923407917383821,6,3,3,3.0,0,0,0.0,1,4,3.5,c72c69c824abf6ea654f441287c175140578404b66d06f9a61d3fcc0565e195b,0.001128565,0.000192569,0.000057902,0.003566977
2019-09-23,false,18,5,6,5.689655172413793,0,0,0.0,1,9,8.923407917383821,6,3,3,3.0,0,0,0.0,1,4,3.5,c72c69c824abf6ea654f441287c175140578404b66d06f9a61d3fcc0565e195b,0.001135655,0.000194711,0.000058111,0.003654902
2019-09-24,false,19,6,7,6.689655172413793,0,0,0.0,1,9,8.916595012897679,7,4,4,4.0,0,0,0.0,1,4,3.142857142857143,dd382e7cbf71b2f818100ebac3f7fd4244270802e95d9e04792583cfa252d6b1,0.001152852,0.000205278,0.000058034,0.003679158
2019-09-25,false,19,6,7,6.689655172413793,0,0,0.0,1,9,8.916595012897679,7,4,4,4.0,0,0,0.0,1,4,3.142857142857143,dd382e7cbf71b2f818100ebac3f7fd4244270802e95d9e04792583cfa252d6b1,0.001148738,0.00019747,0.000058122,0.00365483
2019-09-26,false,19,6,7,6.689655172413793,0,0,0.0,1,9,8.916595012897679,7,4,4,4.0,0,0,0.0,1,4,3.142857142857143,dd382e7cbf71b2f818100ebac3f7fd4244270802e95d9e04792583cfa252d6b1,0.001166595,0.000205237,0.000058322,0.00375885
2019-09-27,false,19,6,7,6.689655172413793,0,0,0.0,1,9,8.916595012897679,7,4,4,4.0,0,0,0.0,1,4,3.142857142857143,dd382e7cbf71b2f818100ebac3f7fd4244270802e95d9e04792583cfa252d6b1,0.001144929,0.000204469,0.000058281,0.003725688
2019-09-28,false,19,6,7,6.689655172413793,0,0,0.0,1,9,8.916595012897679,7,4,4,4.0,0,0,0.0,1,4,3.142857142857143,dd382e7cbf71b2f818100ebac3f7fd4244270802e95d9e04792583cfa252d6b1,0.001137048,0.00020476,0.000058067,0.003751816
2019-09-29,false,19,6,7,6.689655172413793,0,0,0.0,1,9,8.916595012897679,7,4,4,4.0,0,0,0.0,1,4,3.142857142857143,dd382e7cbf71b2f818100ebac3f7fd4244270802e95d9e04792583cfa252d6b1,0.001204429,0.000243988,0.000058367,0.003840119
2019-09-30,false,19,6,7,6.689655172413793,0,0,0.0,1,9,8.916595012897679,7,4,4,4.0,0,0,0.0,1,4,3.142857142857143,dd382e7cbf71b2f818100ebac3f7fd4244270802e95d9e04792583cfa252d6b1,0.001107602,0.000203906,0.000058214,0.003729175
2019-10-01,true,17,4,5,4.689655172413793,3,3,3.0,8,9,8.930232558139535,5,2,2,2.0,3,3,3.0,4,4,4.0,6f73c7787f38fdde66470cc3b2e469e092c70f52823396ae13e52c9a561b20f5,0.001076591,0.000169045,0.000259805,0.005699527
2019-10-02,true,17,4,5,4.689655172413793,3,3,3.0,8,9,8.930232558139535,5,2,2,2.0,3,3,3.0,4,4,4.0,6f73c7787f38fdde66470cc3b2e469e092c70f52823396ae13e52c9a561b20f5,0.001107073,0.00017328,0.000256273,0.005647494
2019-10-03,true,17,4,5,4.689655172413793,3,3,3.0,8,9,8.930232558139535,5,2,2,2.0,3,3,3.0,4,4,4.0,6f73c7787f38fdde66470cc3b2e469e092c70f52823396ae13e52c9a561b20f5,0.001069312,0.000172713,0.000265054,0.005644352
2019-10-04,true,17,4,5,4.689655172413793,3,3,3.0,8,9,8.930232558139535,5,2,2,2.0,3,3,3.0,4,4,4.0,6f73c7787f38fdde66470cc3b2e469e092c70f52823396ae13e52c9a561b20f5,0.00113451,0.000174491,0.000260784,0.005758235
2019-10-05,true,17,4,5,4.689655172413793,3,3,3.0,8,9,8.930232558139535,5,2,2,2.0,3,3,3.0,4,4,4.0,6f73c7787f38fdde66470cc3b2e469e092c70f52823396ae13e52c9a561b20f5,0.001101398,0.000188734,0.000259813,0.005716108
2019-10-06,true,17,4,5,4.689655172413793,3,3,3.0,8,9,8.930232558139535,5,2,2,2.0,3,3,3.0,4,4,4.0,6f73c7787f38fdde66470cc3b2e469e092c70f52823396ae13e52c9a561b20f5,0.001099158,0.000176054,0.000260147,0.006005595
2019-10-07,true,17,4,5,4.689655172413793,3,3,3.0,8,9,8.930232558139535,5,2,2,2.0,3,3,3.0,4,4,4.0,6f73c7787f38fdde66470cc3b2e469e092c70f52823396ae13e52c9a561b20f5,0.001102281,0.000175204,0.00029838,0.005737993
2019-10-08,true,17,4,5,4.689655172413793,3,3,3.0,8,9,8.930232558139535,5,2,2,2.0,3,3,3.0,4,4,4.0,6f73c7787f38fdde66470cc3b2e469e092c70f52823396ae13e52c9a561b20f5,0.00112969,0.000173885,0.000262603,0.005803036
2019-10-09,true,17,4,5,4.689655172413793,3,3,3.0,8,9,8.930232558139535,5,2,2,2.0,3,3,3.0,4,4,4.0,6f73c7787f38fdde66470cc3b2e469e092c70f52823396ae13e52c9a561b20f5,0.001100735,0.000174906,0.0002617,0.005857647
2019-10-10,true,17,4,5,4.689655172413793,3,3,3.0,8,9,8.930232558139535,5,2,2,2.0,3,3,3.0,4,4,4.0,6f73c7787f38fdde66470cc3b2e469e092c70f52823396ae13e52c9a561b20f5,0.001101774,0.000187853,0.00026074,0.005775827
2019-10-11,true,17,4,5,4.689655172413793,3,3,3.0,8,9,8.930232558139535,5,2,2,2.0,3,3,3.0,4,4,4.0,6f73c7787f38fdde66470cc3b2e469e092c70f52823396ae13e52c9a561b20f5,0.001115849,0.000173333,0.000261554,0.005820814
2019-10-12,true,17,4,5,4.689655172413793,3,3,3.0,8,9,8.930232558139535,5,2,2,2.0,3,3,3.0,4,4,4.0,6f73c7787f38fdde66470cc3b2e469e092c70f52823396ae13e52c9a561b20f5,0.001097447,0.000173405,0.000260632,0.005734091
2019-10-13,true,17,4,5,4.689655172413793,3,3,3.0,8,9,8.930232558139535,5,2,2,2.0,3,3,3.0,4,4,4.0,6f73c7787f38fdde66470cc3b2e469e092c70f52823396ae13e52c9a561b20f5,0.001136416,0.000173927,0.00026397,0.005878634
2019-10-14,true,17,4,5,4.689655172413793,3,3,3.0,8,9,8.930232558139535,5,2,2,2.0,3,3,3.0,4,4,4.0,6f73c7787f38fdde66470cc3b2e469e092c70f52823396ae13e52c9a561b20f5,0.001100911,0.000173048,0.000265495,0.005764956
2019-10-15,true,17,4,5,4.689655172413793,3,3,3.0,8,9,8.930232558139535,5,2,2,2.0,3,3,3.0,4,4,4.0,6f73c7787f38fdde66470cc3b2e469e092c70f52823396ae13e52c9a561b20f5,0.001132813,0.000174539,0.000272028,0.005804462
2019-10-16,true,17,4,5,4.689655172413793,3,3,3.0,8,9,8.930232558139535,5,2,2,2.0,3,3,3.0,4,4,4.0,6f73c7787f38fdde66470cc3b2e469e092c70f52823396ae13e52c9a561b20f5,0.001132854,0.000174677,0.000269977,0.006313781
2019-10-17,true,17,4,5,4.689655172413793,3,3,3.0,8,9,8.930232558139535,5,2,2,2.0,3,3,3.0,4,4,4.0,6f73c7787f38fdde66470cc3b2e469e092c70f52823396ae13e52c9a561b20f5,0.001171682,0.00017436,0.000252018,0.005784784
2019-10-18,true,17,4,5,4.689655172413793,3,3,3.0,8,9,8.930232558139535,5,2,2,2.0,3,3,3.0,4,4,4.0,6f73c7787f38fdde66470cc3b2e469e092c70f52823396ae13e52c9a561b20f5,0.001085604,0.00017423,0.000259661,0.005738228
2019-10-19,true,17,4,5,4.689655172413793,3,3,3.0,8,9,8.930232558139535,5,2,2,2.0,3,3,3.0,4,4,4.0,6f73c7787f38fdde66470cc3b2e469e092c70f52823396ae13e52c9a561b20f5,0.001149994,0.000173158,0.000256347,0.005794868
2019-10-20,true,17,4,5,4.689655172413793,3,3,3.0,8,9,8.930232558139535,5,2,2,2.0,3,3,3.0,4,4,4.0,6f73c7787f38fdde66470cc3b2e469e092c70f52823396ae13e52c9a561b20f5,0.001085335,0.000172156,0.000290416,0.005777724
2019-10-21,true,17,4,5,4.689655172413793,3,3,3.0,8,9,8.930232558139535,5,2,2,2.0,3,3,3.0,4,4,4.0,6f73c7787f38fdde66470cc3b2e469e092c70f52823396ae13e52c9a561b20f5,0.0011547,0.000267274,0.000293778,0.006335818
2019-10-22,true,17,4,5,4.689655172413793,3,3,3.0,8,9,8.930232558139535,5,2,2,2.0,3,3,3.0,4,4,4.0,6f73c7787f38fdde66470cc3b2e469e092c70f52823396ae13e52c9a561b20f5,0.001100652,0.000181982,0.000260987,0.006581709
2019-10-23,true,17,4,5,4.689655172413793,3,3,3.0,8,9,8.930232558139535,5,2,2,2.0,3,3,3.0,4,4,4.0,6f73c7787f38fdde66470cc3b2e469e092c70f52823396ae13e52c9a561b20f5,0.001192403,0.000178595,0.000265623,0.006379054
2019-10-24,true,17,4,5,4.689655172413793,3,3,3.0,8,9,8.930232558139535,5,2,2,2.0,3,3,3.0,4,4,4.0,6f73c7787f38fdde66470cc3b2e469e092c70f52823396ae13e52c9a561b20f5,0.001108791,0.000177353,0.000265175,0.006017299
2019-10-25,true,17,4,5,4.689655172413793,3,3,3.0,8,9,8.930232558139535,5,2,2,2.0,3,3,3.0,4,4,4.0,6f73c7787f38fdde66470cc3b2e469e092c70f52823396ae13e52c9a561b20f5,0.001141842,0.000174739,0.000263932,0.006045361
2019-10-26,true,17,4,5,4.689655172413793,3,3,3.0,8,9,8.930232558139535,5,2,2,2.0,3,3,3.0,4,4,4.0,6f73c7787f38fdde66470cc3b2e469e092c70f52823396ae13e52c9a561b20f5,0.001111756,0.000175107,0.00026457,0.00599937
2019-10-27,true,17,4,5,4.689655172413793,3,3,3.0,8,9,8.930232558139535,5,2,2,2.0,3,3,3.0,4,4,4.0,6f73c7787f38fdde66470cc3b2e469e092c70f52823396ae13e52c9a561b20f5,0.001109329,0.000176204,0.000266581,0.006299314
2019-10-28,true,17,4,5,4.689655172413793,3,3,3.0,8,9,8.930232558139535,5,2,2,2.0,3,3,3.0,4,4,4.0,6f73c7787f38fdde66470cc3b2e469e092c70f52823396ae13e52c9a561b20f5,0.001112294,0.000175414,0.000297486,0.006173068
2019-10-29,true,17,4,5,4.689655172413793,3,3,3.0,8,9,8.930232558139535,5,2,2,2.0,3,3,3.0,4,4,4.0,6f73c7787f38fdde66470cc3b2e469e092c70f52823396ae13e52c9a561b20f5,0.001038198,0.000188583,0.000267741,0.005764453
2019-10-30,true,17,4,5,4.689655172413793,3,3,3.0,8,9,8.930232558139535,5,2,2,2.0,3,3,3.0,4,4,4.0,6f73c7787f38fdde66470cc3b2e469e092c70f52823396ae13e52c9a561b20f5,0.001029899,0.000171065,0.000253083,0.005820661
2019-10-31,true,20,4,5,4.625,4,4,4.0,10,11,10.943396226415095,6,2,2,2.0,4,4,4.0,5,5,5.0,be72225d379e89b040404cf4b27385b3b36ec7ebc7ddcb98578cce83e1e0288d,0.369652309,0.43282888,7.795960375,8.632329995
2019-11-01,true,20,4,5,4.625,4,4,4.0,10,11,10.943396226415095,6,2,2,2.0,4,4,4.0,5,5,5.0,be72225d379e89b040404cf4b27385b3b36ec7ebc7ddcb98578cce83e1e0288d,0.347002499,0.430533086,7.490813546,8.30025337
2019-11-02,true,20,4,5,4.625,4,4,4.0,10,11,10.943396226415095,6,2,2,2.0,4,4,4.0,5,5,5.0,be72225d379e89b040404cf4b27385b3b36ec7ebc7ddcb98578cce83e1e0288d,0.347006741,0.432327278,7.650910177,8.468373304
2019-11-03,true,20,4,5,4.625,4,4,4.0,10,11,10.943396226415095,6,2,2,2.0,4,4,4.0,5,5,5.0,be72225d379e89b040404cf4b27385b3b36ec7ebc7ddcb98578cce83e1e0288d,0.369693692,0.442730065,7.817682104,8.669693849
2019-11-04,true,20,4,5,4.625,4,4,4.0,10,11,10.943396226415095,6,2,2,2.0,4,4,4.0,5,5,5.0,be72225d379e89b040404cf4b27385b3b36ec7ebc7ddcb98578cce83e1e0288d,0.353078317,0.460127408,8.12368085,8.971148182
2019-11-05,true,20,4,5,4.625,4,4,4.0,10,11,10.943396226415095,6,2,2,2.0,4,4,4.0,5,5,5.0,be72225d379e89b040404cf4b27385b3b36ec7ebc7ddcb98578cce83e1e0288d,0.359962613,0.44002085,7.860109163,8.698099612
2019-11-06,true,20,4,5,4.625,4,4,4.0,10,11,10.943396226415095,6,2,2,2.0,4,4,4.0,5,5,5.0,be72225d379e89b040404cf4b27385b3b36ec7ebc7ddcb98578cce83e1e0288d,0.370855763,0.443872081,7.92008509,8.774796295
2019-11-07,true,20,4,5,4.625,4,4,4.0,10,11,10.943396226415095,6,2,2,2.0,4,4,4.0,5,5,5.0,be72225d379e89b040404cf4b27385b3b36ec7ebc7ddcb98578cce83e1e0288d,0.358159637,0.447838361,7.935749557,8.781249224
2019-11-08,true,20,4,5,4.625,4,4,4.0,10,11,10.943396226415095,6,2,2,2.0,4,4,4.0,5,5,5.0,dbb86147703215e52940c6cc9f94ec0331ea11917f294876f2793fb7a18d7eff,0.357065767,0.435518851,6.041060711,6.88066202
2019-11-09,true,20,4,5,4.625,4,4,4.0,10,11,10.943396226415095,6,2,2,2.0,4,4,4.0,5,5,5.0,dbb86147703215e52940c6cc9f94ec0331ea11917f294876f2793fb7a18d7eff,0.407699306,0.424215142,5.873853969,6.743561889
2019-11-10,true,20,4,5,4.625,4,4,4.0,10,11,10.943396226415095,6,2,2,2.0,4,4,4.0,5,5,5.0,dbb86147703215e52940c6cc9f94ec0331ea11917f294876f2793fb7a18d7eff,0.387787047,0.452639887,5.804410308,6.690360123
2019-11-11,true,20,4,5,4.625,4,4,4.0,10,11,10.943396226415095,6,2,2,2.0,4,4,4.0,5,5,5.0,dbb86147703215e52940c6cc9f94ec0331ea11917f294876f2793fb7a18d7eff,0.398974748,0.45310409,5.76165184,6.653528154
2019-11-12,true,20,4,5,4.625,4,4,4.0,10,11,10.943396226415095,6,2,2,2.0,4,4,4.0,5,5,5.0,b42437448a3dec81b753a6d09bb671b43810f82acde840934f0719eb5756c929,0.417223924,0.395396572,5.827523225,6.67951875
2019-11-13,true,20,4,5,4.625,4,4,4.0,10,11,10.943396226415095,6,2,2,2.0,4,4,4.0,5,5,5.0,c4b69e1a5cc5a8384fe971c4ce90f0a4a8e5d05414eeb0f97aabd697f794f0df,0.004561579,0.000275699,0.001275235,0.050603235
2019-11-14,true,20,4,5,4.625,4,4,4.0,10,11,10.943396226415095,6,2,2,2.0,4,4,4.0,5,5,5.0,c4b69e1a5cc5a8384fe971c4ce90f0a4a8e5d05414eeb0f97aabd697f794f0df,0.007260408,0.000270805,0.001041885,0.042973437
2019-11-15,true,20,4,5,4.625,4,4,4.0,10,11,10.943396226415095,6,2,2,2.0,4,4,4.0,5,5,5.0,c4b69e1a5cc5a8384fe971c4ce90f0a4a8e5d05414eeb0f97aabd697f794f0df,0.004555644,0.000238867,0.001061736,0.040800525
2019-11-16,true,20,4,5,4.625,4,4,4.0,10,11,10.943396226415095,6,2,2,2.0,4,4,4.0,5,5,5.0,c4b69e1a5cc5a8384fe971c4ce90f0a4a8e5d05414eeb0f97aabd697f794f0df,0.004727839,0.000244104,0.001080417,0.04204653
2019-11-17,true,20,4,5,4.625,4,4,4.0,10,11,10.943396226415095,6,2,2,2.0,4,4,4.0,5,5,5.0,c4b69e1a5cc5a8384fe971c4ce90f0a4a8e5d05414eeb0f97aabd697f794f0df,0.005029662,0.000254293,0.001285891,0.044729478
2019-11-18,true,20,4,5,4.625,4,4,4.0,10,11,10.943396226415095,6,2,2,2.0,4,4,4.0,5,5,5.0,c4b69e1a5cc5a8384fe971c4ce90f0a4a8e5d05414eeb0f97aabd697f794f0df,0.005355952,0.000258812,0.001141954,0.044684734
2019-11-19,true,20,4,5,4.625,4,4,4.0,10,11,10.943396226415095,6,2,2,2.0,4,4,4.0,5,5,5.0,c4b69e1a5cc5a8384fe971c4ce90f0a4a8e5d05414eeb0f97aabd697f794f0df,0.004771365,0.000260714,0.001143725,0.043138017
2019-11-20,true,20,4,5,4.625,4,4,4.0,10,11,10.943396226415095,6,2,2,2.0,4,4,4.0,5,5,5.0,c4b69e1a5cc5a8384fe971c4ce90f0a4a8e5d05414eeb0f97aabd697f794f0df,0.005073802,0.000388169,0.001315341,0.044837706
2019-11-21,true,20,4,5,4.625,4,4,4.0,10,11,10.943396226415095,6,2,2,2.0,4,4,4.0,5,5,5.0,c4b69e1a5cc5a8384fe971c4ce90f0a4a8e5d05414eeb0f97aabd697f794f0df,0.004874635,0.000267009,0.001168755,0.043641821
2019-11-22,true,20,4,5,4.625,4,4,4.0,10,11,10.943396226415095,6,2,2,2.0,4,4,4.0,5,5,5.0,c4b69e1a5cc5a8384fe971c4ce90f0a4a8e5d05414eeb0f97aabd697f794f0df,0.004993432,0.000267382,0.001205464,0.04409827
2019-11-23,true,20,4,5,4.625,4,4,4.0,10,11,10.943396226415095,6,2,2,2.0,4,4,4.0,5,5,5.0,c4b69e1a5cc5a8384fe971c4ce90f0a4a8e5d05414eeb0f97aabd697f794f0df,0.004972774,0.000267299,0.001220127,0.043861911
2019-11-24,true,20,4,5,4.625,4,4,4.0,10,11,10.943396226415095,6,2,2,2.0,4,4,4.0,5,5,5.0,c4b69e1a5cc5a8384fe971c4ce90f0a4a8e5d05414eeb0f97aabd697f794f0df,0.010948757,0.000249126,0.001118268,0.054812036
2019-11-25,true,20,4,5,4.625,4,4,4.0,10,11,10.943396226415095,6,2,2,2.0,4,4,4.0,5,5,5.0,c4b69e1a5cc5a8384fe971c4ce90f0a4a8e5d05414eeb0f97aabd697f794f0df,0.005256332,0.000274272,0.001245218,0.044118381
2019-11-26,true,20,4,5,4.625,4,4,4.0,10,11,10.943396226415095,6,2,2,2.0,4,4,4.0,5,5,5.0,c4b69e1a5cc5a8384fe971c4ce90f0a4a8e5d05414eeb0f97aabd697f794f0df,0.00494417,0.000272159,0.001210517,0.047480195
2019-11-27,true,20,4,5,4.625,4,4,4.0,10,11,10.943396226415095,6,2,2,2.0,4,4,4.0,5,5,5.0,c4b69e1a5cc5a8384fe971c4ce90f0a4a8e5d05414eeb0f97aabd697f794f0df,0.004918616,0.000270316,0.001210654,0.044887822
2019-11-28,true,20,4,5,4.625,4,4,4.0,10,11,10.943396226415095,6,2,2,2.0,4,4,4.0,5,5,5.0,c4b69e1a5cc5a8384fe971c4ce90f0a4a8e5d05414eeb0f97aabd697f794f0df,0.004874174,0.000270527,0.001200908,0.044606803
2019-11-29,true,20,4,5,4.625,4,4,4.0,10,11,10.943396226415095,6,2,2,2.0,4,4,4.0,5,5,5.0,c4b69e1a5cc5a8384fe971c4ce90f0a4a8e5d05414eeb0f97aabd697f794f0df,0.004939162,0.000279439,0.001403159,0.046376898
2019-11-30,true,20,4,5,4.625,4,4,4.0,10,11,10.943396226415095,6,2,2,2.0,4,4,4.0,5,5,5.0,c4b69e1a5cc5a8384fe971c4ce90f0a4a8e5d05414eeb0f97aabd697f794f0df,0.005622844,0.000290516,0.001258785,0.049669865
2019-12-01,true,20,4,5,4.625,4,4,4.0,10,11,10.943396226415095,6,2,2,2.0,4,4,4.0,5,5,5.0,c4b69e1a5cc5a8384fe971c4ce90f0a4a8e5d05414eeb0f97aabd697f794f0df,0.005610345,0.000270509,0.001321998,0.045047162
2019-12-02,true,20,4,5,4.625,4,4,4.0,10,11,10.943396226415095,6,2,2,2.0,4,4,4.0,5,5,5.0,c4b69e1a5cc5a8384fe971c4ce90f0a4a8e5d05414eeb0f97aabd697f794f0df,0.004922417,0.000276696,0.001219008,0.044785531
2019-12-03,true,20,4,5,4.625,4,4,4.0,10,11,10.943396226415095,6,2,2,2.0,4,4,4.0,5,5,5.0,c4b69e1a5cc5a8384fe971c4ce90f0a4a8e5d05414eeb0f97aabd697f794f0df,0.00442116,0.000345226,0.001446294,0.043674552
2019-12-04,true,20,4,5,4.625,4,4,4.0,10,11,10.943396226415095,6,2,2,2.0,4,4,4.0,5,5,5.0,c4b69e1a5cc5a8384fe971c4ce90f0a4a8e5d05414eeb0f97aabd697f794f0df,0.005343608,0.000265203,0.001103249,0.04627077
2019-12-05,true,20,4,5,4.625,4,4,4.0,10,11,10.943396226415095,6,2,2,2.0,4,4,4.0,5,5,5.0,c4b69e1a5cc5a8384fe971c4ce90f0a4a8e5d05414eeb0f97aabd697f794f0df,0.004512669,0.000263552,0.001103125,0.043873629
2019-12-06,true,20,4,5,4.625,4,4,4.0,10,11,10.943396226415095,6,2,2,2.0,4,4,4.0,5,5,5.0,c4b69e1a5cc5a8384fe971c4ce90f0a4a8e5d05414eeb0f97aabd697f794f0df,0.004636735,0.000263809,0.001107245,0.043494505
2019-12-07,true,20,4,5,4.625,4,4,4.0,10,11,10.943396226415095,6,2,2,2.0,4,4,4.0,5,5,5.0,c4b69e1a5cc5a8384fe971c4ce90f0a4a8e5d05414eeb0f97aabd697f794f0df,0.004448915,0.000268215,0.001159537,0.051324833
2019-12-08,true,20,4,5,4.625,4,4,4.0,10,11,10.943396226415095,6,2,2,2.0,4,4,4.0,5,5,5.0,c4b69e1a5cc5a8384fe971c4ce90f0a4a8e5d05414eeb0f97aabd697f794f0df,0.004803763,0.000284338,0.00109786,0.04325857
2019-12-09,true,20,4,5,4.625,4,4,4.0,10,11,10.943396226415095,6,2,2,2.0,4,4,4.0,5,5,5.0,c4b69e1a5cc5a8384fe971c4ce90f0a4a8e5d05414eeb0f97aabd697f794f0df,0.004423712,0.0002642,0.001105143,0.042843291
2019-12-10,true,20,4,5,4.625,4,4,4.0,10,11,10.943396226415095,6,2,2,2.0,4,4,4.0,5,5,5.0,c4b69e1a5cc5a8384fe971c4ce90f0a4a8e5d05414eeb0f97aabd697f794f0df,0.004617967,0.000273905,0.001135196,0.043124818
2019-12-11,true,20,4,5,4.625,4,4,4.0,10,11,10.943396226415095,6,2,2,2.0,4,4,4.0,5,5,5.0,c4b69e1a5cc5a8384fe971c4ce90f0a4a8e5d05414eeb0f97aabd697f794f0df,0.004465107,0.000305099,0.001300555,0.050094716
2019-12-12,true,20,4,5,4.625,4,4,4.0,10,11,10.943396226415095,6,2,2,2.0,4,4,4.0,5,5,5.0,c4b69e1a5cc5a8384fe971c4ce90f0a4a8e5d05414eeb0f97aabd697f794f0df,0.010897967,0.000245472,0.001052757,0.055038798
2019-12-13,true,20,4,5,4.625,4,4,4.0,10,11,10.943396226415095,6,2,2,2.0,4,4,4.0,5,5,5.0,c4b69e1a5cc5a8384fe971c4ce90f0a4a8e5d05414eeb0f97aabd697f794f0df,0.004366419,0.000267667,0.001105149,0.042888375
2019-12-14,true,20,4,5,4.625,4,4,4.0,10,11,10.943396226415095,6,2,2,2.0,4,4,4.0,5,5,5.0,c4b69e1a5cc5a8384fe971c4ce90f0a4a8e5d05414eeb0f97aabd697f794f0df,0.004755806,0.000258742,0.001160676,0.046238496
2019-12-15,true,20,4,5,4.625,4,4,4.0,10,11,10.943396226415095,6,2,2,2.0,4,4,4.0,5,5,5.0,c4b69e1a5cc5a8384fe971c4ce90f0a4a8e5d05414eeb0f97aabd697f794f0df,0.004991291,0.000280482,0.00117964,0.043675849
2019-12-16,true,20,4,5,4.625,4,4,4.0,10,11,10.943396226415095,6,2,2,2.0,4,4,4.0,5,5,5.0,c4b69e1a5cc5a8384fe971c4ce90f0a4a8e5d05414eeb0f97aabd697f794f0df,0.004672062,0.000266008,0.001140929,0.04344545
2019-12-17,true,20,4,5,4.625,4,4,4.0,10,11,10.943396226415095,6,2,2,2.0,4,4,4.0,5,5,5.0,c4b69e1a5cc5a8384fe971c4ce90f0a4a8e5d05414eeb0f97aabd697f794f0df,0.004748799,0.000277791,0.001139243,0.043721962
2019-12-18,true,20,4,5,4.625,4,4,4.0,10,11,10.943396226415095,6,2,2,2.0,4,4,4.0,5,5,5.0,c4b69e1a5cc5a8384fe971c4ce90f0a4a8e5d05414eeb0f97aabd697f794f0df,0.004748681,0.000264972,0.001144236,0.043519811
2019-12-19,true,20,4,5,4.625,4,4,4.0,10,11,10.943396226415095,6,2,2,2.0,4,4,4.0,5,5,5.0,c4b69e1a5cc5a8384fe971c4ce90f0a4a8e5d05414eeb0f97aabd697f794f0df,0.004613941,0.000265715,0.001127877,0.043574593
2019-12-20,true,20,4,5,4.625,4,4,4.0,10,11,10.943396226415095,6,2,2,2.0,4,4,4.0,5,5,5.0,c4b69e1a5cc5a8384fe971c4ce90f0a4a8e5d05414eeb0f97aabd697f794f0df,0.00467196,0.000256927,0.001125086,0.04383606
2019-12-21,true,20,4,5,4.625,4,4,4.0,10,11,10.943396226415095,6,2,2,2.0,4,4,4.0,5,5,5.0,c4b69e1a5cc5a8384fe971c4ce90f0a4a8e5d05414eeb0f97aabd697f794f0df,0.004693442,0.000264155,0.00112438,0.043801655
2019-12-22,true,20,4,5,4.625,4,4,4.0,10,11,10.943396226415095,6,2,2,2.0,4,4,4.0,5,5,5.0,c4b69e1a5cc5a8384fe971c4ce90f0a4a8e5d05414eeb0f97aabd697f794f0df,0.004848968,0.000264622,0.00112598,0.047137207
2019-12-23,true,20,4,5,4.625,4,4,4.0,10,11,10.943396226415095,6,2,2,2.0,4,4,4.0,5,5,5.0,c4b69e1a5cc5a8384fe971c4ce90f0a4a8e5d05414eeb0f97aabd697f794f0df,0.004621465,0.000264773,0.001140995,0.042891471
2019-12-24,true,20,4,5,4.625,4,4,4.0,10,11,10.943396226415095,6,2,2,2.0,4,4,4.0,5,5,5.0,c4b69e1a5cc5a8384fe971c4ce90f0a4a8e5d05414eeb0f97aabd697f794f0df,0.011085741,0.000252275,0.001084813,0.058242252
2019-12-25,true,20,4,5,4.625,4,4,4.0,10,11,10.943396226415095,6,2,2,2.0,4,4,4.0,5,5,5.0,c4b69e1a5cc5a8384fe971c4ce90f0a4a8e5d05414eeb0f97aabd697f794f0df,0.013308139,0.00025646,0.001141192,0.056502568
2019-12-26,true,20,4,5,4.625,4,4,4.0,10,11,10.943396226415095,6,2,2,2.0,4,4,4.0,5,5,5.0,c4b69e1a5cc5a8384fe971c4ce90f0a4a8e5d05414eeb0f97aabd697f794f0df,0.005658881,0.000263062,0.001185769,0.044778337
2019-12-27,true,20,4,5,4.625,4,4,4.0,10,11,10.943396226415095,6,2,2,2.0,4,4,4.0,5,5,5.0,c4b69e1a5cc5a8384fe971c4ce90f0a4a8e5d05414eeb0f97aabd697f794f0df,0.004625158,0.000262252,0.001125396,0.043384406
2019-12-28,true,20,4,5,4.625,4,4,4.0,10,11,10.943396226415095,6,2,2,2.0,4,4,4.0,5,5,5.0,c4b69e1a5cc5a8384fe971c4ce90f0a4a8e5d05414eeb0f97aabd697f794f0df,0.007434758,0.00028451,0.001201387,0.048497219
2019-12-29,true,20,4,5,4.625,4,4,4.0,10,11,10.943396226415095,6,2,2,2.0,4,4,4.0,5,5,5.0,c4b69e1a5cc5a8384fe971c4ce90f0a4a8e5d05414eeb0f97aabd697f794f0df,0.004789606,0.000263681,0.001135647,0.042839245
2019-12-30,true,20,4,5,4.625,4,4,4.0,10,11,10.943396226415095,6,2,2,2.0,4,4,4.0,5,5,5.0,c4b69e1a5cc5a8384fe971c4ce90f0a4a8e5d05414eeb0f97aabd697f794f0df,0.004604354,0.000264658,0.001126968,0.04245727
2019-12-31,true,20,4,5,4.625,4,4,4.0,10,11,10.943396226415095,6,2,2,2.0,4,4,4.0,5,5,5.0,c4b69e1a5cc5a8384fe971c4ce90f0a4a8e5d05414eeb0f97aabd697f794f0df,0.004709906,0.00033523,0.001250522,0.050907625
2020-01-01,true,20,4,5,4.625,4,4,4.0,10,11,10.943396226415095,6,2,2,2.0,4,4,4.0,5,5,5.0,c4b69e1a5cc5a8384fe971c4ce90f0a4a8e5d05414eeb0f97aabd697f794f0df,0.004944535,0.000265636,0.001136249,0.047899836
2020-01-02,true,20,4,5,4.625,4,4,4.0,10,11,10.943396226415095,6,2,2,2.0,4,4,4.0,5,5,5.0,c4b69e1a5cc5a8384fe971c4ce90f0a4a8e5d05414eeb0f97aabd697f794f0df,0.004718643,0.000232238,0.000988003,0.040153509
2020-01-03,true,20,4,5,4.625,4,4,4.0,10,11,10.943396226415095,6,2,2,2.0,4,4,4.0,5,5,5.0,c4b69e1a5cc5a8384fe971c4ce90f0a4a8e5d05414eeb0f97aabd697f794f0df,0.004330734,0.000235897,0.001047335,0.038547084
2020-01-04,true,20,4,5,4.625,4,4,4.0,10,11,10.943396226415095,6,2,2,2.0,4,4,4.0,5,5,5.0,c4b69e1a5cc5a8384fe971c4ce90f0a4a8e5d05414eeb0f97aabd697f794f0df,0.004244002,0.000248724,0.001062376,0.038858132
2020-01-05,true,20,4,5,4.625,4,4,4.0,10,11,10.943396226415095,6,2,2,2.0,4,4,4.0,5,5,5.0,c4b69e1a5cc5a8384fe971c4ce90f0a4a8e5d05414eeb0f97aabd697f794f0df,0.00530515,0.000244258,0.00103812,0.040698805
2020-01-06,true,20,4,5,4.625,4,4,4.0,10,11,10.943396226415095,6,2,2,2.0,4,4,4.0,5,5,5.0,c4b69e1a5cc5a8384fe971c4ce90f0a4a8e5d05414eeb0f97aabd697f794f0df,0.004624827,0.000239332,0.001017056,0.047128022
2020-01-07,true,20,4,5,4.625,4,4,4.0,10,11,10.943396226415095,6,2,2,2.0,4,4,4.0,5,5,5.0,c4b69e1a5cc5a8384fe971c4ce90f0a4a8e5d05414eeb0f97aabd697f794f0df,0.004425861,0.000238542,0.00103999,0.039247272
2020-01-08,true,20,4,5,4.625,4,4,4.0,10,11,10.943396226415095,6,2,2,2.0,4,4,4.0,5,5,5.0,c4b69e1a5cc5a8384fe971c4ce90f0a4a8e5d05414eeb0f97aabd697f794f0df,0.004695988,0.000244443,0.001037395,0.039714509
2020-01-09,true,20,4,5,4.625,4,4,4.0,10,11,10.943396226415095,6,2,2,2.0,4,4,4.0,5,5,5.0,c4b69e1a5cc5a8384fe971c4ce90f0a4a8e5d05414eeb0f97aabd697f794f0df,0.004445422,0.000244558,0.001041412,0.039081789
2020-01-10,true,20,4,5,4.625,4,4,4.0,10,11,10.943396226415095,6,2,2,2.0,4,4,4.0,5,5,5.0,c4b69e1a5cc5a8384fe971c4ce90f0a4a8e5d05414eeb0f97aabd697f794f0df,0.004451641,0.000244523,0.001035806,0.042614783
2020-01-11,true,20,4,5,4.625,4,4,4.0,10,11,10.943396226415095,6,2,2,2.0,4,4,4.0,5,5,5.0,c4b69e1a5cc5a8384fe971c4ce90f0a4a8e5d05414eeb0f97aabd697f794f0df,0.004935622,0.000377035,0.001632414,0.043572074
2020-01-12,true,20,4,5,4.625,4,4,4.0,10,11,10.943396226415095,6,2,2,2.0,4,4,4.0,5,5,5.0,c4b69e1a5cc5a8384fe971c4ce90f0a4a8e5d05414eeb0f97aabd697f794f0df,0.005430813,0.000241504,0.001032827,0.040669216
2020-01-13,true,20,4,5,4.625,4,4,4.0,10,11,10.943396226415095,6,2,2,2.0,4,4,4.0,5,5,5.0,c4b69e1a5cc5a8384fe971c4ce90f0a4a8e5d05414eeb0f97aabd697f794f0df,0.004402794,0.000238168,0.001036497,0.048024976
2020-01-14,true,20,4,5,4.625,4,4,4.0,10,11,10.943396226415095,6,2,2,2.0,4,4,4.0,5,5,5.0,c4b69e1a5cc5a8384fe971c4ce90f0a4a8e5d05414eeb0f97aabd697f794f0df,0.006651313,0.000258655,0.001095473,0.043463487
2020-01-15,true,20,4,5,4.625,4,4,4.0,10,11,10.943396226415095,6,2,2,2.0,4,4,4.0,5,5,5.0,c4b69e1a5cc5a8384fe971c4ce90f0a4a8e5d05414eeb0f97aabd697f794f0df,0.004574805,0.000258268,0.001133983,0.043571826
2020-01-16,true,20,4,5,4.625,4,4,4.0,10,11,10.943396226415095,6,2,2,2.0,4,4,4.0,5,5,5.0,c4b69e1a5cc5a8384fe971c4ce90f0a4a8e5d05414eeb0f97aabd697f794f0df,0.005245981,0.000248326,0.001129693,0.041745608
2020-01-17,true,20,4,5,4.625,4,4,4.0,10,11,10.943396226415095,6,2,2,2.0,4,4,4.0,5,5,5.0,c4b69e1a5cc5a8384fe971c4ce90f0a4a8e5d05414eeb0f97aabd697f794f0df,0.00435421,0.000236171,0.001007321,0.038951679
2020-01-18,true,20,4,5,4.625,4,4,4.0,10,11,10.943396226415095,6,2,2,2.0,4,4,4.0,5,5,5.0,c4b69e1a5cc5a8384fe971c4ce90f0a4a8e5d05414eeb0f97aabd697f794f0df,0.004546473,0.000255726,0.001117372,0.049552379
2020-01-19,true,20,4,5,4.625,4,4,4.0,10,11,10.943396226415095,6,2,2,2.0,4,4,4.0,5,5,5.0,c4b69e1a5cc5a8384fe971c4ce90f0a4a8e5d05414eeb0f97aabd697f794f0df,0.005029944,0.00044604,0.001988188,0.047526363
2020-01-20,true,20,4,5,4.625,4,4,4.0,10,11,10.943396226415095,6,2,2,2.0,4,4,4.0,5,5,5.0,c4b69e1a5cc5a8384fe971c4ce90f0a4a8e5d05414eeb0f97aabd697f794f0df,0.005474846,0.000272455,0.001159369,0.04591649
2020-01-21,true,20,4,5,4.625,4,4,4.0,10,11,10.943396226415095,6,2,2,2.0,4,4,4.0,5,5,5.0,c4b69e1a5cc5a8384fe971c4ce90f0a4a8e5d05414eeb0f97aabd697f794f0df,0.010379141,0.000250905,0.001063046,0.056320185
2020-01-22,true,20,4,5,4.625,4,4,4.0,10,11,10.943396226415095,6,2,2,2.0,4,4,4.0,5,5,5.0,c4b69e1a5cc5a8384fe971c4ce90f0a4a8e5d05414eeb0f97aabd697f794f0df,0.005315971,0.000263356,0.001127925,0.044220608
2020-01-23,true,20,4,5,4.625,4,4,4.0,10,11,10.943396226415095,6,2,2,2.0,4,4,4.0,5,5,5.0,c4b69e1a5cc5a8384fe971c4ce90f0a4a8e5d05414eeb0f97aabd697f794f0df,0.007184688,0.000246511,0.001459239,0.047864347
2020-01-24,true,20,4,5,4.625,4,4,4.0,10,11,10.943396226415095,6,2,2,2.0,4,4,4.0,5,5,5.0,90225333a49d15743e420ddc12b9e7958e7bd80d14fbbad18af4f0e587343d34,0.32196967,0.335310486,4.997759583,5.69085132
2020-01-25,true,20,4,5,4.625,4,4,4.0,10,11,10.943396226415095,6,2,2,2.0,4,4,4.0,5,5,5.0,90225333a49d15743e420ddc12b9e7958e7bd80d14fbbad18af4f0e587343d34,0.332085603,0.378653031,5.132877628,5.910186929
2020-01-26,true,20,4,5,4.625,4,4,4.0,10,11,10.943396226415095,6,2,2,2.0,4,4,4.0,5,5,5.0,90225333a49d15743e420ddc12b9e7958e7bd80d14fbbad18af4f0e587343d34,0.325159608,0.327503919,5.366770224,6.053514133
2020-01-27,true,20,4,5,4.625,4,4,4.0,10,11,10.943396226415095,6,2,2,2.0,4,4,4.0,5,5,5.0,90225333a49d15743e420ddc12b9e7958e7bd80d14fbbad18af4f0e587343d34,0.351922777,0.373494485,5.216392538,5.980744011
2020-01-28,true,20,4,5,4.625,4,4,4.0,10,11,10.943396226415095,6,2,2,2.0,4,4,4.0,5,5,5.0,90225333a49d15743e420ddc12b9e7958e7bd80d14fbbad18af4f0e587343d34,0.318031266,0.340232474,4.904114439,5.596083934
2020-01-29,true,20,4,5,4.625,4,4,4.0,10,11,10.943396226415095,6,2,2,2.0,4,4,4.0,5,5,5.0,edf46dd314feefff40524ac4bef0605ced84d3434b866d0649790a3e0e964ed4,0.337122994,0.382105433,5.309068788,6.070470523
2020-01-30,true,20,4,5,4.625,4,4,4.0,10,11,10.943396226415095,6,2,2,2.0,4,4,4.0,5,5,5.0,edf46dd314feefff40524ac4bef0605ced84d3434b866d0649790a3e0e964ed4,0.337062378,0.367770314,5.550948517,6.300717067
2020-01-31,true,20,4,5,4.625,4,4,4.0,10,11,10.943396226415095,6,2,2,2.0,4,4,4.0,5,5,5.0,0683c9516e3f74dc2a5038491ea32ecc290cac6f89e1280034aeaeb047acc463,0.401477699,0.402820064,8.566148162,9.418305056
2020-02-01,true,23,4,7,5.3,3,4,3.8823529411764706,10,11,10.892857142857142,7,2,3,2.066666666666667,3,4,3.6,5,5,5.0,b285709b21c761d0c776c08afde296e5669951968e16c929945b08ad6194eba5,0.339566518,0.884916056,46.076542063,47.341236654
2020-02-02,true,23,4,7,5.3,3,4,3.8823529411764706,10,11,10.892857142857142,7,2,3,2.066666666666667,3,4,3.6,5,5,5.0,b285709b21c761d0c776c08afde296e5669951968e16c929945b08ad6194eba5,0.338198492,0.841037647,46.250980338,47.477040709
2020-02-03,true,23,4,7,5.3,3,4,3.8823529411764706,10,11,10.892857142857142,7,2,3,2.066666666666667,3,4,3.6,5,5,5.0,b285709b21c761d0c776c08afde296e5669951968e16c929945b08ad6194eba5,0.331174775,0.839334202,44.03862444,45.254909544
2020-02-04,true,23,4,7,5.3,3,4,3.8823529411764706,10,11,10.892857142857142,7,2,3,2.066666666666667,3,4,3.6,5,5,5.0,b285709b21c761d0c776c08afde296e5669951968e16c929945b08ad6194eba5,0.339266691,0.884961336,44.483926062,45.754622256
2020-02-05,true,23,4,7,5.3,3,4,3.8823529411764706,10,11,10.892857142857142,7,2,3,2.066666666666667,3,4,3.6,5,5,5.0,b285709b21c761d0c776c08afde296e5669951968e16c929945b08ad6194eba5,0.346570368,0.859932866,45.338969886,46.592213929
2020-02-06,true,23,6,7,6.714285714285714,3,3,3.0,10,11,10.892857142857142,7,3,3,3.0,3,3,3.0,5,5,5.0,6ea47cef5ddfa0069a33e255e2a6a9694cb1acf014a4e5a919442685fcdb1f5f,0.013464943,0.001354603,0.001344661,0.3163165
2020-02-07,true,23,6,7,6.714285714285714,3,3,3.0,10,11,10.892857142857142,7,3,3,3.0,3,3,3.0,5,5,5.0,6ea47cef5ddfa0069a33e255e2a6a9694cb1acf014a4e5a919442685fcdb1f5f,0.01341371,0.001354924,0.001345874,0.303720464
2020-02-08,true,23,6,7,6.714285714285714,3,3,3.0,10,11,10.892857142857142,7,3,3,3.0,3,3,3.0,5,5,5.0,6ea47cef5ddfa0069a33e255e2a6a9694cb1acf014a4e5a919442685fcdb1f5f,0.013406474,0.00135804,0.00135832,0.304680699
2020-02-09,true,23,6,7,6.714285714285714,3,3,3.0,10,11,10.892857142857142,7,3,3,3.0,3,3,3.0,5,5,5.0,6ea47cef5ddfa0069a33e255e2a6a9694cb1acf014a4e5a919442685fcdb1f5f,0.012992425,0.00146072,0.001473823,0.325983359
2020-02-10,true,23,6,7,6.714285714285714,3,3,3.0,10,11,10.892857142857142,7,3,3,3.0,3,3,3.0,5,5,5.0,6ea47cef5ddfa0069a33e255e2a6a9694cb1acf014a4e5a919442685fcdb1f5f,0.014366263,0.00145088,0.001469825,0.333207032
2020-02-11,true,23,6,7,6.714285714285714,3,3,3.0,10,11,10.892857142857142,7,3,3,3.0,3,3,3.0,5,5,5.0,6ea47cef5ddfa0069a33e255e2a6a9694cb1acf014a4e5a919442685fcdb1f5f,0.014750912,0.001435091,0.001467219,0.331190906
2020-02-12,true,23,6,7,6.714285714285714,3,3,3.0,10,11,10.892857142857142,7,3,3,3.0,3,3,3.0,5,5,5.0,6ea47cef5ddfa0069a33e255e2a6a9694cb1acf014a4e5a919442685fcdb1f5f,0.014573543,0.001472425,0.001470996,0.332397299
2020-02-13,true,23,6,7,6.714285714285714,3,3,3.0,10,11,10.892857142857142,7,3,3,3.0,3,3,3.0,5,5,5.0,6ea47cef5ddfa0069a33e255e2a6a9694cb1acf014a4e5a919442685fcdb1f5f,0.014442517,0.001450581,0.001460852,0.330563725
2020-02-14,true,23,6,7,6.714285714285714,3,3,3.0,10,11,10.892857142857142,7,3,3,3.0,3,3,3.0,5,5,5.0,6ea47cef5ddfa0069a33e255e2a6a9694cb1acf014a4e5a919442685fcdb1f5f,0.015871969,0.001476494,0.001461299,0.3329986
2020-02-15,true,23,6,7,6.714285714285714,3,3,3.0,10,11,10.892857142857142,7,3,3,3.0,3,3,3.0,5,5,5.0,6ea47cef5ddfa0069a33e255e2a6a9694cb1acf014a4e5a919442685fcdb1f5f,0.014675072,0.001769249,0.001474482,0.334798536
2020-02-16,true,23,6,7,6.714285714285714,3,3,3.0,10,11,10.892857142857142,7,3,3,3.0,3,3,3.0,5,5,5.0,6ea47cef5ddfa0069a33e255e2a6a9694cb1acf014a4e5a919442685fcdb1f5f,0.015477846,0.001313374,0.001312006,0.299330372
2020-02-17,true,23,6,7,6.714285714285714,3,3,3.0,10,11,10.892857142857142,7,3,3,3.0,3,3,3.0,5,5,5.0,6ea47cef5ddfa0069a33e255e2a6a9694cb1acf014a4e5a919442685fcdb1f5f,0.014919568,0.001371641,0.001335195,0.306723611
2020-02-18,true,23,6,7,6.714285714285714,3,3,3.0,10,11,10.892857142857142,7,3,3,3.0,3,3,3.0,5,5,5.0,6ea47cef5ddfa0069a33e255e2a6a9694cb1acf014a4e5a919442685fcdb1f5f,0.014691169,0.001374091,0.001323963,0.302227842
2020-02-19,true,23,6,7,6.714285714285714,3,3,3.0,10,11,10.892857142857142,7,3,3,3.0,3,3,3.0,5,5,5.0,6ea47cef5ddfa0069a33e255e2a6a9694cb1acf014a4e5a919442685fcdb1f5f,0.014740126,0.001354929,0.001328583,0.30207339
2020-02-20,true,23,6,7,6.714285714285714,3,3,3.0,10,11,10.892857142857142,7,3,3,3.0,3,3,3.0,5,5,5.0,6ea47cef5ddfa0069a33e255e2a6a9694cb1acf014a4e5a919442685fcdb1f5f,0.015013264,0.001386663,0.001359493,0.303353693
2020-02-21,true,23,6,7,6.714285714285714,3,3,3.0,10,11,10.892857142857142,7,3,3,3.0,3,3,3.0,5,5,5.0,6ea47cef5ddfa0069a33e255e2a6a9694cb1acf014a4e5a919442685fcdb1f5f,0.015078861,0.001444466,0.001354634,0.304861974
2020-02-22,true,23,6,7,6.714285714285714,3,3,3.0,10,11,10.892857142857142,7,3,3,3.0,3,3,3.0,5,5,5.0,6ea47cef5ddfa0069a33e255e2a6a9694cb1acf014a4e5a919442685fcdb1f5f,0.01480137,0.001395981,0.001334747,0.301573923
2020-02-23,true,23,6,7,6.714285714285714,3,3,3.0,10,11,10.892857142857142,7,3,3,3.0,3,3,3.0,5,5,5.0,6ea47cef5ddfa0069a33e255e2a6a9694cb1acf014a4e5a919442685fcdb1f5f,0.014668321,0.001438564,0.001372245,0.305077909
2020-02-24,true,23,6,7,6.714285714285714,3,3,3.0,10,11,10.892857142857142,7,3,3,3.0,3,3,3.0,5,5,5.0,6ea47cef5ddfa0069a33e255e2a6a9694cb1acf014a4e5a919442685fcdb1f5f,0.014922878,0.001383288,0.001331722,0.303384919
2020-02-25,true,23,6,7,6.714285714285714,3,3,3.0,10,11,10.892857142857142,7,3,3,3.0,3,3,3.0,5,5,5.0,6ea47cef5ddfa0069a33e255e2a6a9694cb1acf014a4e5a919442685fcdb1f5f,0.014948017,0.001384609,0.001382311,0.305642592
2020-02-26,true,23,6,7,6.714285714285714,3,3,3.0,10,11,10.892857142857142,7,3,3,3.0,3,3,3.0,5,5,5.0,6ea47cef5ddfa0069a33e255e2a6a9694cb1acf014a4e5a919442685fcdb1f5f,0.014714975,0.001371105,0.001351807,0.302467001
2020-02-27,true,23,6,7,6.714285714285714,3,3,3.0,10,11,10.892857142857142,7,3,3,3.0,3,3,3.0,5,5,5.0,6ea47cef5ddfa0069a33e255e2a6a9694cb1acf014a4e5a919442685fcdb1f5f,0.015191452,0.001385301,0.001353186,0.305803016
2020-02-28,true,23,6,7,6.714285714285714,3,3,3.0,10,11,10.892857142857142,7,3,3,3.0,3,3,3.0,5,5,5.0,6ea47cef5ddfa0069a33e255e2a6a9694cb1acf014a4e5a919442685fcdb1f5f,0.014980755,0.001398468,0.001421076,0.302256863
2020-02-29,true,23,6,7,6.714285714285714,3,3,3.0,10,11,10.892857142857142,7,3,3,3.0,3,3,3.0,5,5,5.0,6ea47cef5ddfa0069a33e255e2a6a9694cb1acf014a4e5a919442685fcdb1f5f,0.014556128,0.001376,0.001386645,0.305382816
2020-03-01,true,23,6,7,6.714285714285714,3,3,3.0,10,11,10.892857142857142,7,3,3,3.0,3,3,3.0,5,5,5.0,6ea47cef5ddfa0069a33e255e2a6a9694cb1acf014a4e5a919442685fcdb1f5f,0.01483004,0.001445959,0.001393536,0.343770688
2020-03-02,true,23,6,7,6.714285714285714,3,3,3.0,10,11,10.892857142857142,7,3,3,3.0,3,3,3.0,5,5,5.0,6ea47cef5ddfa0069a33e255e2a6a9694cb1acf014a4e5a919442685fcdb1f5f,0.014876473,0.00142706,0.001400649,0.310696211
2020-03-03,true,23,6,7,6.714285714285714,3,3,3.0,10,11,10.892857142857142,7,3,3,3.0,3,3,3.0,5,5,5.0,6ea47cef5ddfa0069a33e255e2a6a9694cb1acf014a4e5a919442685fcdb1f5f,0.016228214,0.00144023,0.001348336,0.307317742
2020-03-04,true,23,6,7,6.714285714285714,3,3,3.0,10,11,10.892857142857142,7,3,3,3.0,3,3,3.0,5,5,5.0,6ea47cef5ddfa0069a33e255e2a6a9694cb1acf014a4e5a919442685fcdb1f5f,0.016228272,0.00146675,0.001391804,0.309534717
2020-03-05,true,23,6,7,6.714285714285714,3,3,3.0,10,11,10.892857142857142,7,3,3,3.0,3,3,3.0,5,5,5.0,6ea47cef5ddfa0069a33e255e2a6a9694cb1acf014a4e5a919442685fcdb1f5f,0.023653734,0.001408043,0.001340192,0.316391497
2020-03-06,true,23,6,7,6.714285714285714,3,3,3.0,10,11,10.892857142857142,7,3,3,3.0,3,3,3.0,5,5,5.0,6ea47cef5ddfa0069a33e255e2a6a9694cb1acf014a4e5a919442685fcdb1f5f,0.014951467,0.001407686,0.001352189,0.303492034
2020-03-07,true,23,6,7,6.714285714285714,3,3,3.0,10,11,10.892857142857142,7,3,3,3.0,3,3,3.0,5,5,5.0,6ea47cef5ddfa0069a33e255e2a6a9694cb1acf014a4e5a919442685fcdb1f5f,0.014708395,0.001403801,0.001330436,0.304512654
2020-03-08,true,23,6,7,6.714285714285714,3,3,3.0,10,11,10.892857142857142,7,3,3,3.0,3,3,3.0,5,5,5.0,6ea47cef5ddfa0069a33e255e2a6a9694cb1acf014a4e5a919442685fcdb1f5f,0.014683773,0.001398259,0.001377057,0.302553261
2020-03-09,true,23,6,7,6.714285714285714,3,3,3.0,10,11,10.892857142857142,7,3,3,3.0,3,3,3.0,5,5,5.0,6ea47cef5ddfa0069a33e255e2a6a9694cb1acf014a4e5a919442685fcdb1f5f,0.014704873,0.001369863,0.001322153,0.302858486
2020-03-10,true,23,6,7,6.714285714285714,3,3,3.0,10,11,10.892857142857142,7,3,3,3.0,3,3,3.0,5,5,5.0,6ea47cef5ddfa0069a33e255e2a6a9694cb1acf014a4e5a919442685fcdb1f5f,0.014765201,0.001406688,0.001366198,0.301623149
2020-03-11,true,23,6,7,6.714285714285714,3,3,3.0,10,11,10.892857142857142,7,3,3,3.0,3,3,3.0,5,5,5.0,6ea47cef5ddfa0069a33e255e2a6a9694cb1acf014a4e5a919442685fcdb1f5f,0.015215742,0.001479269,0.001428318,0.31469299
2020-03-12,true,23,6,7,6.714285714285714,3,3,3.0,10,11,10.892857142857142,7,3,3,3.0,3,3,3.0,5,5,5.0,6ea47cef5ddfa0069a33e255e2a6a9694cb1acf014a4e5a919442685fcdb1f5f,0.028481986,0.001377697,0.001322591,0.327129619
2020-03-13,true,23,6,7,6.714285714285714,3,3,3.0,10,11,10.892857142857142,7,3,3,3.0,3,3,3.0,5,5,5.0,6ea47cef5ddfa0069a33e255e2a6a9694cb1acf014a4e5a919442685fcdb1f5f,0.014847011,0.001397633,0.001419605,0.304806769
2020-03-14,true,23,6,7,6.714285714285714,3,3,3.0,10,11,10.892857142857142,7,3,3,3.0,3,3,3.0,5,5,5.0,6ea47cef5ddfa0069a33e255e2a6a9694cb1acf014a4e5a919442685fcdb1f5f,0.015374815,0.001367037,0.001327532,0.306573863
2020-03-15,true,23,6,7,6.714285714285714,3,3,3.0,10,11,10.892857142857142,7,3,3,3.0,3,3,3.0,5,5,5.0,6ea47cef5ddfa0069a33e255e2a6a9694cb1acf014a4e5a919442685fcdb1f5f,0.015462644,0.001406848,0.001367462,0.305720014
2020-03-16,true,23,6,7,6.714285714285714,3,3,3.0,10,11,10.892857142857142,7,3,3,3.0,3,3,3.0,5,5,5.0,6ea47cef5ddfa0069a33e255e2a6a9694cb1acf014a4e5a919442685fcdb1f5f,0.014987322,0.001367947,0.001376103,0.313766457
2020-03-17,true,23,6,7,6.714285714285714,3,3,3.0,10,11,10.892857142857142,7,3,3,3.0,3,3,3.0,5,5,5.0,6ea47cef5ddfa0069a33e255e2a6a9694cb1acf014a4e5a919442685fcdb1f5f,0.015417858,0.001426811,0.001373874,0.3054202
2020-03-18,true,23,6,7,6.714285714285714,3,3,3.0,10,11,10.892857142857142,7,3,3,3.0,3,3,3.0,5,5,5.0,6ea47cef5ddfa0069a33e255e2a6a9694cb1acf014a4e5a919442685fcdb1f5f,0.015294084,0.001422105,0.001394303,0.305482038
2020-03-19,true,23,6,7,6.714285714285714,3,3,3.0,10,11,10.892857142857142,7,3,3,3.0,3,3,3.0,5,5,5.0,6ea47cef5ddfa0069a33e255e2a6a9694cb1acf014a4e5a919442685fcdb1f5f,0.014722621,0.001602417,0.001509457,0.328106467
2020-03-20,true,23,6,7,6.714285714285714,3,3,3.0,10,11,10.892857142857142,7,3,3,3.0,3,3,3.0,5,5,5.0,6ea47cef5ddfa0069a33e255e2a6a9694cb1acf014a4e5a919442685fcdb1f5f,0.016001207,0.001551698,0.001450556,0.33590666
2020-03-21,true,23,6,7,6.714285714285714,3,3,3.0,10,11,10.892857142857142,7,3,3,3.0,3,3,3.0,5,5,5.0,6ea47cef5ddfa0069a33e255e2a6a9694cb1acf014a4e5a919442685fcdb1f5f,0.016151429,0.001564803,0.001495932,0.34781391
2020-03-22,true,23,6,7,6.714285714285714,3,3,3.0,10,11,10.892857142857142,7,3,3,3.0,3,3,3.0,5,5,5.0,6ea47cef5ddfa0069a33e255e2a6a9694cb1acf014a4e5a919442685fcdb1f5f,0.016568524,0.001602466,0.001531087,0.334535524
2020-03-23,true,23,6,7,6.714285714285714,3,3,3.0,10,11,10.892857142857142,7,3,3,3.0,3,3,3.0,5,5,5.0,6ea47cef5ddfa0069a33e255e2a6a9694cb1acf014a4e5a919442685fcdb1f5f,0.016590118,0.001536881,0.001486645,0.331770561
2020-03-24,true,23,6,7,6.714285714285714,3,3,3.0,10,11,10.892857142857142,7,3,3,3.0,3,3,3.0,5,5,5.0,6ea47cef5ddfa0069a33e255e2a6a9694cb1acf014a4e5a919442685fcdb1f5f,0.015759731,0.001520528,0.001450779,0.331703335
2020-03-25,true,23,6,7,6.714285714285714,3,3,3.0,10,11,10.892857142857142,7,3,3,3.0,3,3,3.0,5,5,5.0,6ea47cef5ddfa0069a33e255e2a6a9694cb1acf014a4e5a919442685fcdb1f5f,0.015486313,0.001505535,0.001461466,0.331219647
2020-03-26,true,23,6,7,6.714285714285714,3,3,3.0,10,11,10.892857142857142,7,3,3,3.0,3,3,3.0,5,5,5.0,6ea47cef5ddfa0069a33e255e2a6a9694cb1acf014a4e5a919442685fcdb1f5f,0.015798742,0.001591338,0.001534291,0.334068969
2020-03-27,true,23,6,7,6.714285714285714,3,3,3.0,10,11,10.892857142857142,7,3,3,3.0,3,3,3.0,5,5,5.0,6ea47cef5ddfa0069a33e255e2a6a9694cb1acf014a4e5a919442685fcdb1f5f,0.016000107,0.001507851,0.001475464,0.336364007
2020-03-28,true,23,6,7,6.714285714285714,3,3,3.0,10,11,10.892857142857142,7,3,3,3.0,3,3,3.0,5,5,5.0,6ea47cef5ddfa0069a33e255e2a6a9694cb1acf014a4e5a919442685fcdb1f5f,0.015929367,0.001520938,0.001854018,0.335023059
2020-03-29,true,23,6,7,6.714285714285714,3,3,3.0,10,11,10.892857142857142,7,3,3,3.0,3,3,3.0,5,5,5.0,6ea47cef5ddfa0069a33e255e2a6a9694cb1acf014a4e5a919442685fcdb1f5f,0.0166046,0.001813494,0.001520896,0.333680125
2020-03-30,true,23,6,7,6.714285714285714,3,3,3.0,10,11,10.892857142857142,7,3,3,3.0,3,3,3.0,5,5,5.0,6ea47cef5ddfa0069a33e255e2a6a9694cb1acf014a4e5a919442685fcdb1f5f,0.016201315,0.001549544,0.00149065,0.330458973
2020-03-31,true,23,6,7,6.714285714285714,3,3,3.0,10,11,10.892857142857142,7,3,3,3.0,3,3,3.0,5,5,5.0,6ea47cef5ddfa0069a33e255e2a6a9694cb1acf014a4e5a919442685fcdb1f5f,0.015839914,0.001525927,0.001475707,0.330526756
2020-04-01,true,23,6,7,6.714285714285714,3,3,3.0,10,11,10.892857142857142,7,3,3,3.0,3,3,3.0,5,5,5.0,6ea47cef5ddfa0069a33e255e2a6a9694cb1acf014a4e5a919442685fcdb1f5f,0.015783832,0.001561844,0.001475273,0.334830441
2020-04-02,true,23,6,7,6.714285714285714,3,3,3.0,10,11,10.892857142857142,7,3,3,3.0,3,3,3.0,5,5,5.0,6ea47cef5ddfa0069a33e255e2a6a9694cb1acf014a4e5a919442685fcdb1f5f,0.02470958,0.001527537,0.001478934,0.337955327
2020-04-03,true,23,6,7,6.714285714285714,3,3,3.0,10,11,10.892857142857142,7,3,3,3.0,3,3,3.0,5,5,5.0,6ea47cef5ddfa0069a33e255e2a6a9694cb1acf014a4e5a919442685fcdb1f5f,0.016088547,0.001523931,0.001461799,0.331625886
2020-04-04,true,23,6,7,6.714285714285714,3,3,3.0,10,11,10.892857142857142,7,3,3,3.0,3,3,3.0,5,5,5.0,6ea47cef5ddfa0069a33e255e2a6a9694cb1acf014a4e5a919442685fcdb1f5f,0.016331546,0.001508126,0.001468008,0.330489981
2020-04-05,true,23,6,7,6.714285714285714,3,3,3.0,10,11,10.892857142857142,7,3,3,3.0,3,3,3.0,5,5,5.0,6ea47cef5ddfa0069a33e255e2a6a9694cb1acf014a4e5a919442685fcdb1f5f,0.01623901,0.001507202,0.001474398,0.333144864
2020-04-06,true,23,6,7,6.714285714285714,3,3,3.0,10,11,10.892857142857142,7,3,3,3.0,3,3,3.0,5,5,5.0,6ea47cef5ddfa0069a33e255e2a6a9694cb1acf014a4e5a919442685fcdb1f5f,0.016461978,0.001525971,0.001472895,0.328988645
2020-04-07,true,23,6,7,6.714285714285714,3,3,3.0,10,11,10.892857142857142,7,3,3,3.0,3,3,3.0,5,5,5.0,6ea47cef5ddfa0069a33e255e2a6a9694cb1acf014a4e5a919442685fcdb1f5f,0.023406516,0.001514399,0.00145239,0.337143527
2020-04-08,true,23,6,7,6.714285714285714,3,3,3.0,10,11,10.892857142857142,7,3,3,3.0,3,3,3.0,5,5,5.0,6ea47cef5ddfa0069a33e255e2a6a9694cb1acf014a4e5a919442685fcdb1f5f,0.01621257,0.001551699,0.001469366,0.329768642
2020-04-09,true,23,6,7,6.714285714285714,3,3,3.0,10,11,10.892857142857142,7,3,3,3.0,3,3,3.0,5,5,5.0,6ea47cef5ddfa0069a33e255e2a6a9694cb1acf014a4e5a919442685fcdb1f5f,0.016673394,0.001542966,0.001484109,0.329079828
2020-04-10,true,23,6,7,6.714285714285714,3,3,3.0,10,11,10.892857142857142,7,3,3,3.0,3,3,3.0,5,5,5.0,6ea47cef5ddfa0069a33e255e2a6a9694cb1acf014a4e5a919442685fcdb1f5f,0.015521585,0.00149868,0.001428098,0.3272127
2020-04-11,true,23,6,7,6.714285714285714,3,3,3.0,10,11,10.892857142857142,7,3,3,3.0,3,3,3.0,5,5,5.0,6ea47cef5ddfa0069a33e255e2a6a9694cb1acf014a4e5a919442685fcdb1f5f,0.015369123,0.001509504,0.001441115,0.325259182
2020-04-12,true,23,6,7,6.714285714285714,3,3,3.0,10,11,10.892857142857142,7,3,3,3.0,3,3,3.0,5,5,5.0,6ea47cef5ddfa0069a33e255e2a6a9694cb1acf014a4e5a919442685fcdb1f5f,0.015609326,0.001519198,0.001420425,0.325835219
2020-04-13,true,23,6,7,6.714285714285714,3,3,3.0,10,11,10.892857142857142,7,3,3,3.0,3,3,3.0,5,5,5.0,6ea47cef5ddfa0069a33e255e2a6a9694cb1acf014a4e5a919442685fcdb1f5f,0.014292271,0.001374586,0.001321391,0.293329073
2020-04-14,true,23,6,7,6.714285714285714,3,3,3.0,10,11,10.892857142857142,7,3,3,3.0,3,3,3.0,5,5,5.0,6ea47cef5ddfa0069a33e255e2a6a9694cb1acf014a4e5a919442685fcdb1f5f,0.014498392,0.001395883,0.001339258,0.29617533
2020-04-15,true,23,6,7,6.714285714285714,3,3,3.0,10,11,10.892857142857142,7,3,3,3.0,3,3,3.0,5,5,5.0,6ea47cef5ddfa0069a33e255e2a6a9694cb1acf014a4e5a919442685fcdb1f5f,0.014503737,0.001402928,0.00134301,0.299439463
2020-04-16,true,23,6,7,6.714285714285714,3,3,3.0,10,11,10.892857142857142,7,3,3,3.0,3,3,3.0,5,5,5.0,6ea47cef5ddfa0069a33e255e2a6a9694cb1acf014a4e5a919442685fcdb1f5f,0.01452902,0.001433047,0.001335688,0.298100183
2020-04-17,true,23,6,7,6.714285714285714,3,3,3.0,10,11,10.892857142857142,7,3,3,3.0,3,3,3.0,5,5,5.0,6ea47cef5ddfa0069a33e255e2a6a9694cb1acf014a4e5a919442685fcdb1f5f,0.015101021,0.001339122,0.001349575,0.300054985
2020-04-18,true,23,6,7,6.714285714285714,3,3,3.0,10,11,10.892857142857142,7,3,3,3.0,3,3,3.0,5,5,5.0,6ea47cef5ddfa0069a33e255e2a6a9694cb1acf014a4e5a919442685fcdb1f5f,0.014619936,0.001550849,0.00149728,0.321328684
2020-04-19,true,23,6,7,6.714285714285714,3,3,3.0,10,11,10.892857142857142,7,3,3,3.0,3,3,3.0,5,5,5.0,6ea47cef5ddfa0069a33e255e2a6a9694cb1acf014a4e5a919442685fcdb1f5f,0.015276103,0.001501689,0.00148054,0.325198934
2020-04-20,true,23,6,7,6.714285714285714,3,3,3.0,10,11,10.892857142857142,7,3,3,3.0,3,3,3.0,5,5,5.0,6ea47cef5ddfa0069a33e255e2a6a9694cb1acf014a4e5a919442685fcdb1f5f,0.016648538,0.001546574,0.001477039,0.329076555
2020-04-21,true,23,6,7,6.714285714285714,3,3,3.0,10,11,10.892857142857142,7,3,3,3.0,3,3,3.0,5,5,5.0,6ea47cef5ddfa0069a33e255e2a6a9694cb1acf014a4e5a919442685fcdb1f5f,0.016170137,0.001461914,0.001437734,0.327759999
2020-04-22,true,23,6,7,6.714285714285714,3,3,3.0,10,11,10.892857142857142,7,3,3,3.0,3,3,3.0,5,5,5.0,6ea47cef5ddfa0069a33e255e2a6a9694cb1acf014a4e5a919442685fcdb1f5f,0.016191795,0.001782563,0.001489399,0.327065698
2020-04-23,true,23,6,7,6.714285714285714,3,3,3.0,10,11,10.892857142857142,7,3,3,3.0,3,3,3.0,5,5,5.0,6ea47cef5ddfa0069a33e255e2a6a9694cb1acf014a4e5a919442685fcdb1f5f,0.014883877,0.001360127,0.001333137,0.297620938
2020-04-24,true,23,6,7,6.714285714285714,3,3,3.0,10,11,10.892857142857142,7,3,3,3.0,3,3,3.0,5,5,5.0,6ea47cef5ddfa0069a33e255e2a6a9694cb1acf014a4e5a919442685fcdb1f5f,0.014508022,0.00137724,0.001317761,0.297710988
2020-04-25,true,23,6,7,6.714285714285714,3,3,3.0,10,11,10.892857142857142,7,3,3,3.0,3,3,3.0,5,5,5.0,6ea47cef5ddfa0069a33e255e2a6a9694cb1acf014a4e5a919442685fcdb1f5f,0.014746667,0.001363382,0.001320283,0.29567886
2020-04-26,true,23,6,7,6.714285714285714,3,3,3.0,10,11,10.892857142857142,7,3,3,3.0,3,3,3.0,5,5,5.0,6ea47cef5ddfa0069a33e255e2a6a9694cb1acf014a4e5a919442685fcdb1f5f,0.014993821,0.001382762,0.001324645,0.297785302
2020-04-27,true,23,6,7,6.714285714285714,3,3,3.0,10,11,10.892857142857142,7,3,3,3.0,3,3,3.0,5,5,5.0,6ea47cef5ddfa0069a33e255e2a6a9694cb1acf014a4e5a919442685fcdb1f5f,0.01465409,0.001424051,0.001334081,0.300429546
2020-04-28,true,23,6,7,6.714285714285714,3,3,3.0,10,11,10.892857142857142,7,3,3,3.0,3,3,3.0,5,5,5.0,6ea47cef5ddfa0069a33e255e2a6a9694cb1acf014a4e5a919442685fcdb1f5f,0.014702802,0.001363681,0.00133714,0.302391118
2020-04-29,true,23,6,7,6.714285714285714,3,3,3.0,10,11,10.892857142857142,7,3,3,3.0,3,3,3.0,5,5,5.0,6ea47cef5ddfa0069a33e255e2a6a9694cb1acf014a4e5a919442685fcdb1f5f,0.014847844,0.001360179,0.00142227,0.298068656
2020-04-30,true,23,6,7,6.714285714285714,3,3,3.0,10,11,10.892857142857142,7,3,3,3.0,3,3,3.0,5,5,5.0,6ea47cef5ddfa0069a33e255e2a6a9694cb1acf014a4e5a919442685fcdb1f5f,0.014690537,0.00136719,0.001322211,0.296562058
2020-05-01,true,23,6,7,6.714285714285714,3,3,3.0,10,11,10.892857142857142,7,3,3,3.0,3,3,3.0,5,5,5.0,6ea47cef5ddfa0069a33e255e2a6a9694cb1acf014a4e5a919442685fcdb1f5f,0.015199198,0.001403809,0.001347783,0.299903707
2020-05-02,true,23,6,7,6.714285714285714,3,3,3.0,10,11,10.892857142857142,7,3,3,3.0,3,3,3.0,5,5,5.0,6ea47cef5ddfa0069a33e255e2a6a9694cb1acf014a4e5a919442685fcdb1f5f,0.015060566,0.001439413,0.001382092,0.300718551
2020-05-03,true,23,6,7,6.714285714285714,3,3,3.0,10,11,10.892857142857142,7,3,3,3.0,3,3,3.0,5,5,5.0,6ea47cef5ddfa0069a33e255e2a6a9694cb1acf014a4e5a919442685fcdb1f5f,0.015135172,0.001392215,0.001345428,0.300150345
2020-05-04,true,23,6,7,6.714285714285714,3,3,3.0,10,11,10.892857142857142,7,3,3,3.0,3,3,3.0,5,5,5.0,6ea47cef5ddfa0069a33e255e2a6a9694cb1acf014a4e5a919442685fcdb1f5f,0.015019857,0.001393081,0.001359273,0.29770842
2020-05-05,true,23,6,7,6.714285714285714,3,3,3.0,10,11,10.892857142857142,7,3,3,3.0,3,3,3.0,5,5,5.0,6ea47cef5ddfa0069a33e255e2a6a9694cb1acf014a4e5a919442685fcdb1f5f,0.015155155,0.001425246,0.001349041,0.301569601
2020-05-06,true,23,6,7,6.714285714285714,3,3,3.0,10,11,10.892857142857142,7,3,3,3.0,3,3,3.0,5,5,5.0,6ea47cef5ddfa0069a33e255e2a6a9694cb1acf014a4e5a919442685fcdb1f5f,0.015155038,0.001404579,0.001349897,0.299901371
2020-05-07,true,23,6,7,6.714285714285714,3,3,3.0,10,11,10.892857142857142,7,3,3,3.0,3,3,3.0,5,5,5.0,6ea47cef5ddfa0069a33e255e2a6a9694cb1acf014a4e5a919442685fcdb1f5f,0.015320197,0.001397792,0.001349891,0.299139931
2020-05-08,true,23,6,7,6.714285714285714,3,3,3.0,10,11,10.892857142857142,7,3,3,3.0,3,3,3.0,5,5,5.0,6ea47cef5ddfa0069a33e255e2a6a9694cb1acf014a4e5a919442685fcdb1f5f,0.015324786,0.001461093,0.001366375,0.299604158
2020-05-09,true,23,6,7,6.714285714285714,3,3,3.0,10,11,10.892857142857142,7,3,3,3.0,3,3,3.0,5,5,5.0,6ea47cef5ddfa0069a33e255e2a6a9694cb1acf014a4e5a919442685fcdb1f5f,0.015093097,0.001418613,0.001355039,0.298302162
2020-05-10,true,23,6,7,6.714285714285714,3,3,3.0,10,11,10.892857142857142,7,3,3,3.0,3,3,3.0,5,5,5.0,6ea47cef5ddfa0069a33e255e2a6a9694cb1acf014a4e5a919442685fcdb1f5f,0.015075255,0.001443403,0.001363779,0.298947698
2020-05-11,true,23,6,7,6.714285714285714,3,3,3.0,10,11,10.892857142857142,7,3,3,3.0,3,3,3.0,5,5,5.0,6ea47cef5ddfa0069a33e255e2a6a9694cb1acf014a4e5a919442685fcdb1f5f,0.01554087,0.001448781,0.00141296,0.299552418
2020-05-12,true,23,6,7,6.714285714285714,3,3,3.0,10,11,10.892857142857142,7,3,3,3.0,3,3,3.0,5,5,5.0,6ea47cef5ddfa0069a33e255e2a6a9694cb1acf014a4e5a919442685fcdb1f5f,0.015399309,0.001430682,0.001423004,0.298904385
2020-05-13,true,23,6,7,6.714285714285714,3,3,3.0,10,11,10.892857142857142,7,3,3,3.0,3,3,3.0,5,5,5.0,6ea47cef5ddfa0069a33e255e2a6a9694cb1acf014a4e5a919442685fcdb1f5f,0.015945255,0.001557141,0.001478579,0.325220185
2020-05-14,true,23,6,7,6.714285714285714,3,3,3.0,10,11,10.892857142857142,7,3,3,3.0,3,3,3.0,5,5,5.0,6ea47cef5ddfa0069a33e255e2a6a9694cb1acf014a4e5a919442685fcdb1f5f,0.016603776,0.001579545,0.001489936,0.329152169
2020-05-15,true,23,6,7,6.714285714285714,3,3,3.0,10,11,10.892857142857142,7,3,3,3.0,3,3,3.0,5,5,5.0,6ea47cef5ddfa0069a33e255e2a6a9694cb1acf014a4e5a919442685fcdb1f5f,0.016669912,0.001503171,0.001467312,0.327584747
2020-05-16,true,23,6,7,6.714285714285714,3,3,3.0,10,11,10.892857142857142,7,3,3,3.0,3,3,3.0,5,5,5.0,6ea47cef5ddfa0069a33e255e2a6a9694cb1acf014a4e5a919442685fcdb1f5f,0.016291331,0.001516191,0.001465503,0.328332272
2020-05-17,true,23,6,7,6.714285714285714,3,3,3.0,10,11,10.892857142857142,7,3,3,3.0,3,3,3.0,5,5,5.0,6ea47cef5ddfa0069a33e255e2a6a9694cb1acf014a4e5a919442685fcdb1f5f,0.016142282,0.001507669,0.001457917,0.327015449
2020-05-18,true,23,6,7,6.714285714285714,3,3,3.0,10,11,10.892857142857142,7,3,3,3.0,3,3,3.0,5,5,5.0,6ea47cef5ddfa0069a33e255e2a6a9694cb1acf014a4e5a919442685fcdb1f5f,0.016293681,0.001528796,0.001468966,0.328252613
2020-05-19,true,23,6,7,6.714285714285714,3,3,3.0,10,11,10.892857142857142,7,3,3,3.0,3,3,3.0,5,5,5.0,6ea47cef5ddfa0069a33e255e2a6a9694cb1acf014a4e5a919442685fcdb1f5f,0.016386785,0.001651439,0.001490322,0.330610344
2020-05-20,true,23,6,7,6.714285714285714,3,3,3.0,10,11,10.892857142857142,7,3,3,3.0,3,3,3.0,5,5,5.0,6ea47cef5ddfa0069a33e255e2a6a9694cb1acf014a4e5a919442685fcdb1f5f,0.016236534,0.001521729,0.001457457,0.328794828
2020-05-21,true,23,6,7,6.714285714285714,3,3,3.0,10,11,10.892857142857142,7,3,3,3.0,3,3,3.0,5,5,5.0,6ea47cef5ddfa0069a33e255e2a6a9694cb1acf014a4e5a919442685fcdb1f5f,0.016062605,0.00151988,0.001460404,0.329431069
2020-05-22,true,23,6,7,6.714285714285714,3,3,3.0,10,11,10.892857142857142,7,3,3,3.0,3,3,3.0,5,5,5.0,6ea47cef5ddfa0069a33e255e2a6a9694cb1acf014a4e5a919442685fcdb1f5f,0.016017484,0.001502284,0.001460891,0.330324905
2020-05-23,true,23,4,7,5.629032258064516,3,3,3.0,10,11,10.9375,7,2,3,2.3333333333333335,3,3,3.0,5,5,5.0,35d0c6a67e76ad8e6b261903302e22bcc72931bd5d27d8afd47dcf3281505ba4,0.810775829,2.710056312,82.621460507,86.24928834
2020-05-24,true,23,4,7,5.629032258064516,3,3,3.0,10,11,10.9375,7,2,3,2.3333333333333335,3,3,3.0,5,5,5.0,35d0c6a67e76ad8e6b261903302e22bcc72931bd5d27d8afd47dcf3281505ba4,0.759425411,2.485252674,84.00209683,87.350653712
2020-05-25,true,23,4,7,5.629032258064516,3,3,3.0,10,11,10.9375,7,2,3,2.3333333333333335,3,3,3.0,5,5,5.0,35d0c6a67e76ad8e6b261903302e22bcc72931bd5d27d8afd47dcf3281505ba4,0.799569751,2.6795067120000002,84.210559663,87.800980515
2020-05-26,true,23,4,7,5.629032258064516,3,3,3.0,10,11,10.9375,7,2,3,2.3333333333333335,3,3,3.0,5,5,5.0,35d0c6a67e76ad8e6b261903302e22bcc72931bd5d27d8afd47dcf3281505ba4,0.750350049,2.322506426,59.096132819,62.280713008
2020-05-27,true,23,4,7,5.629032258064516,3,3,3.0,10,11,10.9375,7,2,3,2.3333333333333335,3,3,3.0,5,5,5.0,35d0c6a67e76ad8e6b261903302e22bcc72931bd5d27d8afd47dcf3281505ba4,0.757277861,2.281674943,57.093657513,60.249847692
2020-05-28,true,23,4,7,5.629032258064516,3,3,3.0,10,11,10.9375,7,2,3,2.3333333333333335,3,3,3.0,5,5,5.0,35d0c6a67e76ad8e6b261903302e22bcc72931bd5d27d8afd47dcf3281505ba4,0.720643058,2.343689698,54.878658355,58.049196737
2020-05-29,true,23,4,7,5.629032258064516,3,3,3.0,10,11,10.9375,7,2,3,2.3333333333333335,3,3,3.0,5,5,5.0,35d0c6a67e76ad8e6b261903302e22bcc72931bd5d27d8afd47dcf3281505ba4,0.76051888,2.5052807379999997,56.564295331,59.940942169
2020-05-30,true,23,6,7,6.714285714285714,3,3,3.0,10,11,10.892857142857142,7,3,3,3.0,3,3,3.0,5,5,5.0,6ea47cef5ddfa0069a33e255e2a6a9694cb1acf014a4e5a919442685fcdb1f5f,0.013282171,0.001397732,0.001385825,0.322722393
2020-05-31,true,23,6,7,6.714285714285714,3,3,3.0,10,11,10.892857142857142,7,3,3,3.0,3,3,3.0,5,5,5.0,6ea47cef5ddfa0069a33e255e2a6a9694cb1acf014a4e5a919442685fcdb1f5f,0.013818677,0.001420435,0.001427255,0.317024149
2020-06-01,true,23,6,7,6.714285714285714,3,3,3.0,10,11,10.892857142857142,7,3,3,3.0,3,3,3.0,5,5,5.0,6ea47cef5ddfa0069a33e255e2a6a9694cb1acf014a4e5a919442685fcdb1f5f,0.013678125,0.001409846,0.001386274,0.317042649
2020-06-02,true,23,6,7,6.714285714285714,3,3,3.0,10,11,10.892857142857142,7,3,3,3.0,3,3,3.0,5,5,5.0,6ea47cef5ddfa0069a33e255e2a6a9694cb1acf014a4e5a919442685fcdb1f5f,0.0136545,0.001422075,0.001429521,0.319633111
2020-06-03,true,23,6,7,6.714285714285714,3,3,3.0,10,11,10.892857142857142,7,3,3,3.0,3,3,3.0,5,5,5.0,6ea47cef5ddfa0069a33e255e2a6a9694cb1acf014a4e5a919442685fcdb1f5f,0.02064159,0.001399552,0.001784421,0.32947879
2020-06-04,true,23,6,7,6.714285714285714,3,3,3.0,10,11,10.892857142857142,7,3,3,3.0,3,3,3.0,5,5,5.0,6ea47cef5ddfa0069a33e255e2a6a9694cb1acf014a4e5a919442685fcdb1f5f,0.01387082,0.001414429,0.001442403,0.318823269
2020-06-05,true,23,6,7,6.714285714285714,3,3,3.0,10,11,10.892857142857142,7,3,3,3.0,3,3,3.0,5,5,5.0,6ea47cef5ddfa0069a33e255e2a6a9694cb1acf014a4e5a919442685fcdb1f5f,0.013601996,0.001383743,0.001377718,0.317714158
2020-06-06,true,23,6,7,6.714285714285714,3,3,3.0,10,11,10.892857142857142,7,3,3,3.0,3,3,3.0,5,5,5.0,6ea47cef5ddfa0069a33e255e2a6a9694cb1acf014a4e5a919442685fcdb1f5f,0.01453634,0.001383781,0.001422856,0.315953343
2020-06-07,true,23,6,7,6.714285714285714,3,3,3.0,10,11,10.892857142857142,7,3,3,3.0,3,3,3.0,5,5,5.0,6ea47cef5ddfa0069a33e255e2a6a9694cb1acf014a4e5a919442685fcdb1f5f,0.013874278,0.001420463,0.001430958,0.316321909
2020-06-08,true,23,6,7,6.714285714285714,3,3,3.0,10,11,10.892857142857142,7,3,3,3.0,3,3,3.0,5,5,5.0,6ea47cef5ddfa0069a33e255e2a6a9694cb1acf014a4e5a919442685fcdb1f5f,0.01665185,0.001394459,0.001392186,0.327841032
2020-06-09,true,23,6,7,6.714285714285714,3,3,3.0,10,11,10.892857142857142,7,3,3,3.0,3,3,3.0,5,5,5.0,6ea47cef5ddfa0069a33e255e2a6a9694cb1acf014a4e5a919442685fcdb1f5f,0.01375493,0.001391657,0.001382586,0.316836535
2020-06-10,true,23,6,7,6.714285714285714,3,3,3.0,10,11,10.892857142857142,7,3,3,3.0,3,3,3.0,5,5,5.0,6ea47cef5ddfa0069a33e255e2a6a9694cb1acf014a4e5a919442685fcdb1f5f,0.013799232,0.001405735,0.001378926,0.316688189
2020-06-11,true,23,6,7,6.714285714285714,3,3,3.0,10,11,10.892857142857142,7,3,3,3.0,3,3,3.0,5,5,5.0,6ea47cef5ddfa0069a33e255e2a6a9694cb1acf014a4e5a919442685fcdb1f5f,0.015118017,0.001390943,0.00138252,0.317311476
2020-06-12,true,23,6,7,6.714285714285714,3,3,3.0,10,11,10.892857142857142,7,3,3,3.0,3,3,3.0,5,5,5.0,6ea47cef5ddfa0069a33e255e2a6a9694cb1acf014a4e5a919442685fcdb1f5f,0.013763333,0.001392204,0.001385059,0.315832474
2020-06-13,true,23,6,7,6.714285714285714,3,3,3.0,10,11,10.892857142857142,7,3,3,3.0,3,3,3.0,5,5,5.0,6ea47cef5ddfa0069a33e255e2a6a9694cb1acf014a4e5a919442685fcdb1f5f,0.013662057,0.001388641,0.001380897,0.317139018
2020-06-14,true,23,6,7,6.714285714285714,3,3,3.0,10,11,10.892857142857142,7,3,3,3.0,3,3,3.0,5,5,5.0,6ea47cef5ddfa0069a33e255e2a6a9694cb1acf014a4e5a919442685fcdb1f5f,0.020515282,0.001389607,0.001382961,0.322517337
2020-06-15,true,23,6,7,6.714285714285714,3,3,3.0,10,11,10.892857142857142,7,3,3,3.0,3,3,3.0,5,5,5.0,6ea47cef5ddfa0069a33e255e2a6a9694cb1acf014a4e5a919442685fcdb1f5f,0.013903626,0.001426606,0.001388673,0.318361969
2020-06-16,true,23,6,7,6.714285714285714,3,3,3.0,10,11,10.892857142857142,7,3,3,3.0,3,3,3.0,5,5,5.0,6ea47cef5ddfa0069a33e255e2a6a9694cb1acf014a4e5a919442685fcdb1f5f,0.013704608,0.001427084,0.001381347,0.315814218
2020-06-17,true,23,6,7,6.714285714285714,3,3,3.0,10,11,10.892857142857142,7,3,3,3.0,3,3,3.0,5,5,5.0,6ea47cef5ddfa0069a33e255e2a6a9694cb1acf014a4e5a919442685fcdb1f5f,0.013324542,0.001406402,0.001374856,0.31794514
2020-06-18,true,23,6,7,6.714285714285714,3,3,3.0,10,11,10.892857142857142,7,3,3,3.0,3,3,3.0,5,5,5.0,6ea47cef5ddfa0069a33e255e2a6a9694cb1acf014a4e5a919442685fcdb1f5f,0.013331109,0.001457623,0.001411579,0.317809164
2020-06-19,true,23,6,7,6.714285714285714,3,3,3.0,10,11,10.892857142857142,7,3,3,3.0,3,3,3.0,5,5,5.0,6ea47cef5ddfa0069a33e255e2a6a9694cb1acf014a4e5a919442685fcdb1f5f,0.013395418,0.001391876,0.001384602,0.316336675
2020-06-20,true,23,6,7,6.714285714285714,3,3,3.0,10,11,10.892857142857142,7,3,3,3.0,3,3,3.0,5,5,5.0,6ea47cef5ddfa0069a33e255e2a6a9694cb1acf014a4e5a919442685fcdb1f5f,0.013380816,0.001390327,0.001384696,0.316743469
2020-06-21,true,23,6,7,6.714285714285714,3,3,3.0,10,11,10.892857142857142,7,3,3,3.0,3,3,3.0,5,5,5.0,6ea47cef5ddfa0069a33e255e2a6a9694cb1acf014a4e5a919442685fcdb1f5f,0.013297235,0.001427329,0.001431957,0.317226603
2020-06-22,true,23,6,7,6.714285714285714,3,3,3.0,10,11,10.892857142857142,7,3,3,3.0,3,3,3.0,5,5,5.0,6ea47cef5ddfa0069a33e255e2a6a9694cb1acf014a4e5a919442685fcdb1f5f,0.01352096,0.001386547,0.001430579,0.319287233
2020-06-23,true,23,6,7,6.714285714285714,3,3,3.0,10,11,10.892857142857142,7,3,3,3.0,3,3,3.0,5,5,5.0,6ea47cef5ddfa0069a33e255e2a6a9694cb1acf014a4e5a919442685fcdb1f5f,0.013318418,0.001411555,0.001378587,0.318563702
2020-06-24,true,23,6,7,6.714285714285714,3,3,3.0,10,11,10.892857142857142,7,3,3,3.0,3,3,3.0,5,5,5.0,6ea47cef5ddfa0069a33e255e2a6a9694cb1acf014a4e5a919442685fcdb1f5f,0.013671574,0.00144776,0.001417022,0.320194508
2020-06-25,true,23,6,7,6.714285714285714,3,3,3.0,10,11,10.892857142857142,7,3,3,3.0,3,3,3.0,5,5,5.0,6ea47cef5ddfa0069a33e255e2a6a9694cb1acf014a4e5a919442685fcdb1f5f,0.013801261,0.001463006,0.001418191,0.317573003
2020-06-26,true,23,6,7,6.714285714285714,3,3,3.0,10,11,10.892857142857142,7,3,3,3.0,3,3,3.0,5,5,5.0,6ea47cef5ddfa0069a33e255e2a6a9694cb1acf014a4e5a919442685fcdb1f5f,0.013979517,0.001451416,0.001406895,0.318499394
2020-06-27,true,23,6,7,6.714285714285714,3,3,3.0,10,11,10.892857142857142,7,3,3,3.0,3,3,3.0,5,5,5.0,6ea47cef5ddfa0069a33e255e2a6a9694cb1acf014a4e5a919442685fcdb1f5f,0.013884071,0.001418672,0.001422426,0.317819013
2020-06-28,true,23,6,7,6.714285714285714,3,3,3.0,10,11,10.892857142857142,7,3,3,3.0,3,3,3.0,5,5,5.0,6ea47cef5ddfa0069a33e255e2a6a9694cb1acf014a4e5a919442685fcdb1f5f,0.014037986,0.001418552,0.001414978,0.318067873
2020-06-29,true,23,6,7,6.714285714285714,3,3,3.0,10,11,10.892857142857142,7,3,3,3.0,3,3,3.0,5,5,5.0,6ea47cef5ddfa0069a33e255e2a6a9694cb1acf014a4e5a919442685fcdb1f5f,0.013983481,0.001425108,0.001402172,0.317257749
2020-06-30,true,23,6,7,6.714285714285714,3,3,3.0,10,11,10.892857142857142,7,3,3,3.0,3,3,3.0,5,5,5.0,6ea47cef5ddfa0069a33e255e2a6a9694cb1acf014a4e5a919442685fcdb1f5f,0.013911189,0.00142318,0.001406694,0.31878029
2020-07-01,true,23,6,7,6.714285714285714,3,3,3.0,10,11,10.892857142857142,7,3,3,3.0,3,3,3.0,5,5,5.0,6ea47cef5ddfa0069a33e255e2a6a9694cb1acf014a4e5a919442685fcdb1f5f,0.014221855,0.001458028,0.00144699,0.315770607
2020-07-02,true,23,6,7,6.714285714285714,3,3,3.0,10,11,10.892857142857142,7,3,3,3.0,3,3,3.0,5,5,5.0,6ea47cef5ddfa0069a33e255e2a6a9694cb1acf014a4e5a919442685fcdb1f5f,0.014082985,0.001459523,0.001436536,0.317336875
2020-07-03,true,23,6,7,6.714285714285714,3,3,3.0,10,11,10.892857142857142,7,3,3,3.0,3,3,3.0,5,5,5.0,6ea47cef5ddfa0069a33e255e2a6a9694cb1acf014a4e5a919442685fcdb1f5f,0.014051484,0.001426542,0.001397467,0.316975341
2020-07-04,true,23,6,7,6.714285714285714,3,3,3.0,10,11,10.892857142857142,7,3,3,3.0,3,3,3.0,5,5,5.0,6ea47cef5ddfa0069a33e255e2a6a9694cb1acf014a4e5a919442685fcdb1f5f,0.013934398,0.001414109,0.001404653,0.316641562
2020-07-05,true,23,6,7,6.714285714285714,3,3,3.0,10,11,10.892857142857142,7,3,3,3.0,3,3,3.0,5,5,5.0,6ea47cef5ddfa0069a33e255e2a6a9694cb1acf014a4e5a919442685fcdb1f5f,0.014000782,0.001456699,0.001423093,0.317232911
2020-07-06,true,23,6,7,6.714285714285714,3,3,3.0,10,11,10.892857142857142,7,3,3,3.0,3,3,3.0,5,5,5.0,6ea47cef5ddfa0069a33e255e2a6a9694cb1acf014a4e5a919442685fcdb1f5f,0.013984043,0.001446511,0.001441547,0.318438993
2020-07-07,true,23,6,7,6.714285714285714,3,3,3.0,10,11,10.892857142857142,7,3,3,3.0,3,3,3.0,5,5,5.0,6ea47cef5ddfa0069a33e255e2a6a9694cb1acf014a4e5a919442685fcdb1f5f,0.022216306,0.001407739,0.001465906,0.324812702
2020-07-08,true,23,6,7,6.714285714285714,3,3,3.0,10,11,10.892857142857142,7,3,3,3.0,3,3,3.0,5,5,5.0,6ea47cef5ddfa0069a33e255e2a6a9694cb1acf014a4e5a919442685fcdb1f5f,0.013983618,0.001434155,0.00140927,0.31804065
2020-07-09,true,23,6,7,6.714285714285714,3,3,3.0,10,11,10.892857142857142,7,3,3,3.0,3,3,3.0,5,5,5.0,6ea47cef5ddfa0069a33e255e2a6a9694cb1acf014a4e5a919442685fcdb1f5f,0.015678873,0.001520538,0.001476953,0.320284549
2020-07-10,true,23,6,7,6.714285714285714,3,3,3.0,10,11,10.892857142857142,7,3,3,3.0,3,3,3.0,5,5,5.0,6ea47cef5ddfa0069a33e255e2a6a9694cb1acf014a4e5a919442685fcdb1f5f,0.015684025,0.001503056,0.001427323,0.321964257
2020-07-11,true,23,6,7,6.714285714285714,3,3,3.0,10,11,10.892857142857142,7,3,3,3.0,3,3,3.0,5,5,5.0,6ea47cef5ddfa0069a33e255e2a6a9694cb1acf014a4e5a919442685fcdb1f5f,0.015549916,0.001553061,0.001434032,0.331828894
2020-07-12,true,23,6,7,6.714285714285714,3,3,3.0,10,11,10.892857142857142,7,3,3,3.0,3,3,3.0,5,5,5.0,6ea47cef5ddfa0069a33e255e2a6a9694cb1acf014a4e5a919442685fcdb1f5f,0.026434149,0.001455151,0.001372806,0.315763544
2020-07-13,true,23,6,7,6.714285714285714,3,3,3.0,10,11,10.892857142857142,7,3,3,3.0,3,3,3.0,5,5,5.0,6ea47cef5ddfa0069a33e255e2a6a9694cb1acf014a4e5a919442685fcdb1f5f,0.016080204,0.00144156,0.001443136,0.316629658
2020-07-14,true,23,6,7,6.714285714285714,3,3,3.0,10,11,10.892857142857142,7,3,3,3.0,3,3,3.0,5,5,5.0,6ea47cef5ddfa0069a33e255e2a6a9694cb1acf014a4e5a919442685fcdb1f5f,0.016482505,0.002588594,0.002387633,0.32669444
2020-07-15,true,23,6,7,6.714285714285714,3,3,3.0,10,11,10.892857142857142,7,3,3,3.0,3,3,3.0,5,5,5.0,6ea47cef5ddfa0069a33e255e2a6a9694cb1acf014a4e5a919442685fcdb1f5f,0.016420913,0.001397433,0.001321385,0.296783919
2020-07-16,true,23,6,7,6.714285714285714,3,3,3.0,10,11,10.892857142857142,7,3,3,3.0,3,3,3.0,5,5,5.0,6ea47cef5ddfa0069a33e255e2a6a9694cb1acf014a4e5a919442685fcdb1f5f,0.015766485,0.001392299,0.001337584,0.291991063
2020-07-17,true,23,6,7,6.714285714285714,3,3,3.0,10,11,10.892857142857142,7,3,3,3.0,3,3,3.0,5,5,5.0,6ea47cef5ddfa0069a33e255e2a6a9694cb1acf014a4e5a919442685fcdb1f5f,0.015160187,0.001390355,0.001354388,0.289726642
2020-07-18,true,23,6,7,6.714285714285714,3,3,3.0,10,11,10.892857142857142,7,3,3,3.0,3,3,3.0,5,5,5.0,6ea47cef5ddfa0069a33e255e2a6a9694cb1acf014a4e5a919442685fcdb1f5f,0.01501929,0.001386092,0.001314957,0.290249232
2020-07-19,true,23,6,7,6.714285714285714,3,3,3.0,10,11,10.892857142857142,7,3,3,3.0,3,3,3.0,5,5,5.0,6ea47cef5ddfa0069a33e255e2a6a9694cb1acf014a4e5a919442685fcdb1f5f,0.015488135,0.001435712,0.001347971,0.299491763
2020-07-20,true,23,6,7,6.714285714285714,3,3,3.0,10,11,10.892857142857142,7,3,3,3.0,3,3,3.0,5,5,5.0,6ea47cef5ddfa0069a33e255e2a6a9694cb1acf014a4e5a919442685fcdb1f5f,0.015183773,0.001435512,0.001326648,0.293532826
