label,merged_by_organizations,has_quorum_intersection,top_tier_size,mbs_min,mbs_max,mbs_mean,mss_min,mss_max,mss_mean,mq_min,mq_max,mq_mean,analysis_duration_mq,analysis_duration_mbs,analysis_duration_mss,analysis_duration_total
2019-07-01,true,true,5,2,2,2.0,3,3,3.0,4,4,4.0,0.010626727,0.000014916,0.000015857,0.015341567
2019-07-02,true,true,5,2,2,2.0,3,3,3.0,4,4,4.0,0.013884679,0.000010679,0.000012972,0.018954949
2019-07-03,true,true,5,2,2,2.0,3,3,3.0,4,4,4.0,0.007162867,0.000010997,0.000012568,0.009004249
2019-07-04,true,true,5,2,2,2.0,3,3,3.0,4,4,4.0,0.007034207,9.294e-6,0.000012665,0.008690441
2019-07-05,true,true,5,2,2,2.0,3,3,3.0,4,4,4.0,0.007148998,9.423e-6,0.000012185,0.008566126
2019-07-06,true,true,5,2,2,2.0,3,3,3.0,4,4,4.0,0.00700431,9.932e-6,0.000013133,0.009400591
2019-07-07,true,true,5,2,2,2.0,3,3,3.0,4,4,4.0,0.007307231,0.000010144,0.000012811,0.008644302
2019-07-08,true,true,5,2,2,2.0,3,3,3.0,4,4,4.0,0.007114311,9.718e-6,0.000012841,0.008441522
2019-07-09,true,true,5,2,2,2.0,3,3,3.0,4,4,4.0,0.007073658,0.000010032,0.000012993,0.008363306
2019-07-10,true,true,5,2,2,2.0,3,3,3.0,4,4,4.0,0.006921275,9.099e-6,0.000012435,0.008186875
2019-07-11,true,true,5,2,2,2.0,3,3,3.0,4,4,4.0,0.006873574,9.045e-6,0.000012289,0.008123912
2019-07-12,true,true,5,2,2,2.0,3,3,3.0,4,4,4.0,0.006907861,9.34e-6,0.000012443,0.008115619
2019-07-13,true,true,5,2,2,2.0,3,3,3.0,4,4,4.0,0.006902683,0.000010987,0.000012634,0.008097635
2019-07-14,true,true,5,2,2,2.0,3,3,3.0,4,4,4.0,0.00690161,0.000010338,0.000012333,0.008101643
2019-07-15,true,true,5,2,2,2.0,3,3,3.0,4,4,4.0,0.006881679,9.645e-6,0.000012849,0.0080689
2019-07-16,true,true,5,2,2,2.0,3,3,3.0,4,4,4.0,0.006900849,0.000010202,0.000012395,0.00808545
2019-07-17,true,true,5,2,2,2.0,3,3,3.0,4,4,4.0,0.006872232,0.000010057,0.000012737,0.008037638
2019-07-18,true,true,5,2,2,2.0,3,3,3.0,4,4,4.0,0.00714302,9.54e-6,0.000012404,0.008395731
2019-07-19,true,true,5,2,2,2.0,3,3,3.0,4,4,4.0,0.006876059,9.252e-6,0.00001197,0.007974382
2019-07-20,true,true,5,2,2,2.0,3,3,3.0,4,4,4.0,0.006936432,9.606e-6,0.000012573,0.008079542
2019-07-21,true,true,5,2,2,2.0,3,3,3.0,4,4,4.0,0.006866866,9.625e-6,0.000012565,0.007955013
2019-07-22,true,true,5,2,2,2.0,3,3,3.0,4,4,4.0,0.006876722,9.523e-6,0.000012648,0.007988301
2019-07-23,true,true,5,2,2,2.0,3,3,3.0,4,4,4.0,0.006754464,0.000010558,0.000012274,0.007893813
2019-07-24,true,true,5,2,2,2.0,3,3,3.0,4,4,4.0,0.006795778,0.000010505,0.000013189,0.007953856
2019-07-25,true,true,5,2,2,2.0,3,3,3.0,4,4,4.0,0.00676364,9.181e-6,0.00001219,0.007864766
2019-07-26,true,true,5,2,2,2.0,3,3,3.0,4,4,4.0,0.006708502,9.124e-6,0.000012306,0.007858655
2019-07-27,true,true,5,2,2,2.0,3,3,3.0,4,4,4.0,0.006823438,9.01e-6,0.000012693,0.00792126
2019-07-28,true,true,5,2,2,2.0,3,3,3.0,4,4,4.0,0.006943664,9.349e-6,0.000012427,0.008073176
2019-07-29,true,true,5,2,2,2.0,3,3,3.0,4,4,4.0,0.006984651,8.936e-6,0.000011821,0.008227724
2019-07-30,true,true,5,2,2,2.0,3,3,3.0,4,4,4.0,0.006688905,9.546e-6,0.000012094,0.007804268
2019-07-31,true,true,5,2,2,2.0,3,3,3.0,4,4,4.0,0.006920117,9.661e-6,9.369e-6,0.008014691
2019-08-01,true,true,5,2,2,2.0,3,3,3.0,4,4,4.0,0.006933999,9.087e-6,0.000012334,0.008017524
2019-08-02,true,true,5,2,2,2.0,3,3,3.0,4,4,4.0,0.006804318,8.784e-6,0.000012401,0.007906732
2019-08-03,true,true,5,2,2,2.0,3,3,3.0,4,4,4.0,0.006860414,8.775e-6,0.000012151,0.007991385
2019-08-04,true,true,5,2,2,2.0,3,3,3.0,4,4,4.0,0.0067806,8.81e-6,0.000011704,0.007901776
2019-08-05,true,true,5,2,2,2.0,3,3,3.0,4,4,4.0,0.006908121,9.501e-6,0.000012238,0.008024069
2019-08-06,true,true,5,2,2,2.0,3,3,3.0,4,4,4.0,0.006908897,0.00001133,0.000015587,0.008036837
2019-08-07,true,true,5,2,2,2.0,3,3,3.0,4,4,4.0,0.006962674,9.705e-6,0.000016532,0.008245737
2019-08-08,true,true,5,2,2,2.0,3,3,3.0,4,4,4.0,0.006989557,9.21e-6,0.000011999,0.008320309
2019-08-09,true,true,5,2,2,2.0,3,3,3.0,4,4,4.0,0.006761007,9.075e-6,0.000012086,0.007974727
2019-08-10,true,true,5,2,2,2.0,3,3,3.0,4,4,4.0,0.006771014,8.992e-6,0.000011633,0.007923345
2019-08-11,true,true,5,2,2,2.0,3,3,3.0,4,4,4.0,0.006779245,8.82e-6,0.000012349,0.007940369
2019-08-12,true,true,5,2,2,2.0,3,3,3.0,4,4,4.0,0.006757455,8.808e-6,0.000012176,0.007872565
2019-08-13,true,true,5,2,2,2.0,3,3,3.0,4,4,4.0,0.006884965,9.285e-6,0.000012094,0.008007266
2019-08-14,true,true,5,2,2,2.0,3,3,3.0,4,4,4.0,0.006768807,9.207e-6,0.000012214,0.007892891
2019-08-15,true,true,5,2,2,2.0,3,3,3.0,4,4,4.0,0.006851494,9.666e-6,0.000012434,0.008060188
2019-08-16,true,true,5,2,2,2.0,3,3,3.0,4,4,4.0,0.006899775,9.189e-6,0.000012167,0.008049278
2019-08-17,true,true,5,2,2,2.0,3,3,3.0,4,4,4.0,0.006960368,9.92e-6,0.000012301,0.008204806
2019-08-18,true,true,5,2,2,2.0,3,3,3.0,4,4,4.0,0.006775742,9.296e-6,0.000012233,0.007952265
2019-08-19,true,true,5,2,2,2.0,3,3,3.0,4,4,4.0,0.006792329,9.628e-6,0.000012862,0.007931004
2019-08-20,true,true,5,2,2,2.0,3,3,3.0,4,4,4.0,0.006776158,9.987e-6,0.000012657,0.007918069
2019-08-21,true,true,5,2,2,2.0,3,3,3.0,4,4,4.0,0.006801762,0.000011201,0.000013034,0.007957638
2019-08-22,true,true,5,2,2,2.0,3,3,3.0,4,4,4.0,0.006919662,0.000010061,0.00001251,0.008102912
2019-08-23,true,true,5,2,2,2.0,3,3,3.0,4,4,4.0,0.007038063,0.000010464,0.000012874,0.008215193
2019-08-24,true,true,5,2,2,2.0,3,3,3.0,4,4,4.0,0.007116469,9.387e-6,0.000012272,0.008264502
2019-08-25,true,true,5,2,2,2.0,3,3,3.0,4,4,4.0,0.00712786,9.185e-6,0.000012771,0.008308602
2019-08-26,true,true,5,2,2,2.0,3,3,3.0,4,4,4.0,0.006992129,0.000013636,0.000018799,0.008128636
2019-08-27,true,true,5,2,2,2.0,3,3,3.0,4,4,4.0,0.007164638,0.000010417,0.000012794,0.008275679
2019-08-28,true,true,5,2,2,2.0,3,3,3.0,4,4,4.0,0.007118177,9.095e-6,0.000012609,0.008450755
2019-08-29,true,true,5,2,2,2.0,3,3,3.0,4,4,4.0,0.006969451,9.195e-6,0.000012503,0.008102986
2019-08-30,true,true,5,2,2,2.0,3,3,3.0,4,4,4.0,0.006959948,8.71e-6,0.000012726,0.00805774
2019-08-31,true,true,5,2,2,2.0,3,3,3.0,4,4,4.0,0.006967003,9.104e-6,0.000012759,0.008044733
2019-09-01,true,true,5,2,2,2.0,3,3,3.0,4,4,4.0,0.007092853,9.075e-6,0.00001244,0.008177119
2019-09-02,true,true,5,2,2,2.0,3,3,3.0,4,4,4.0,0.006972931,9.019e-6,0.000015708,0.008098919
2019-09-03,true,true,5,2,2,2.0,3,3,3.0,4,4,4.0,0.006969777,8.854e-6,0.000012702,0.008046482
2019-09-04,true,true,5,2,2,2.0,3,3,3.0,4,4,4.0,0.007094083,9.704e-6,0.000012919,0.008169769
2019-09-05,true,true,5,2,2,2.0,3,3,3.0,4,4,4.0,0.003397075,9.758e-6,9.767e-6,0.004408529
2019-09-06,true,true,5,2,2,2.0,3,3,3.0,4,4,4.0,0.007221311,0.000010583,9.897e-6,0.008224143
2019-09-07,true,true,5,2,2,2.0,3,3,3.0,4,4,4.0,0.007057325,9.904e-6,0.000012632,0.008075784
2019-09-08,true,true,5,2,2,2.0,3,3,3.0,4,4,4.0,0.006785672,8.896e-6,0.000012628,0.007834385
2019-09-09,true,true,5,2,2,2.0,3,3,3.0,4,4,4.0,0.006534402,9.914e-6,0.000011814,0.007552481
2019-09-10,true,true,5,2,2,2.0,3,3,3.0,4,4,4.0,0.006542626,9.223e-6,0.000011433,0.007496173
2019-09-11,true,true,5,2,2,2.0,3,3,3.0,4,4,4.0,0.006556042,0.000010887,0.000024234,0.008367257
2019-09-12,true,true,5,2,2,2.0,3,3,3.0,4,4,4.0,0.006577973,9.19e-6,0.000011956,0.007536215
2019-09-13,true,true,5,2,2,2.0,3,3,3.0,4,4,4.0,0.006519232,8.994e-6,0.000011724,0.007566455
2019-09-14,true,true,5,2,2,2.0,3,3,3.0,4,4,4.0,0.006515551,9.05e-6,0.000011754,0.007478056
2019-09-15,true,true,5,2,2,2.0,3,3,3.0,4,4,4.0,0.006546203,8.643e-6,0.000011411,0.007461102
2019-09-16,true,true,5,2,2,2.0,3,3,3.0,4,4,4.0,0.00678155,0.000012028,0.000012302,0.007730263
2019-09-17,true,true,5,2,2,2.0,3,3,3.0,4,4,4.0,0.006825237,9.402e-6,0.000011998,0.007744268
2019-09-18,true,true,5,2,2,2.0,3,3,3.0,4,4,4.0,0.006559775,0.000010724,0.000012046,0.007572914
2019-09-19,true,true,5,2,2,2.0,3,3,3.0,4,4,4.0,0.006981753,0.000010317,0.000011715,0.007937922
2019-09-20,true,true,5,2,2,2.0,3,3,3.0,4,4,4.0,0.006994877,0.000010912,0.000011869,0.008032849
2019-09-21,true,true,5,2,2,2.0,3,3,3.0,4,4,4.0,0.006981159,9.391e-6,0.00001146,0.007965735
2019-09-22,true,true,5,2,2,2.0,3,3,3.0,4,4,4.0,0.006951882,9.486e-6,0.000011934,0.007938273
2019-09-23,true,true,5,2,2,2.0,3,3,3.0,4,4,4.0,0.006951293,8.737e-6,0.0000119,0.007910817
2019-09-24,true,true,5,2,2,2.0,3,3,3.0,4,4,4.0,0.00696275,9.44e-6,0.000011613,0.007946568
2019-09-25,true,true,5,2,2,2.0,3,3,3.0,4,4,4.0,0.007057586,8.612e-6,0.000011405,0.008032967
2019-09-26,true,true,5,2,2,2.0,3,3,3.0,4,4,4.0,0.006949745,9.452e-6,0.000011674,0.007940491
2019-09-27,true,true,5,2,2,2.0,3,3,3.0,4,4,4.0,0.006944719,9.179e-6,0.000011618,0.007911554
2019-09-28,true,true,5,2,2,2.0,3,3,3.0,4,4,4.0,0.00693681,9.118e-6,0.000011418,0.007980671
2019-09-29,true,true,5,2,2,2.0,3,3,3.0,4,4,4.0,0.006919512,8.958e-6,0.000020048,0.007899013
2019-09-30,true,true,5,2,2,2.0,3,3,3.0,4,4,4.0,0.006806859,8.977e-6,0.000011538,0.007787904
2019-10-01,true,true,5,2,2,2.0,3,3,3.0,4,4,4.0,0.006923516,8.763e-6,0.000011546,0.007852937
2019-10-02,true,true,5,2,2,2.0,3,3,3.0,4,4,4.0,0.006941527,9.469e-6,9.545e-6,0.007925737
2019-10-03,true,true,5,2,2,2.0,3,3,3.0,4,4,4.0,0.006843239,9.093e-6,9.283e-6,0.00788348
2019-10-04,true,true,5,2,2,2.0,3,3,3.0,4,4,4.0,0.007131681,0.000011023,0.000013131,0.00817164
2019-10-05,true,true,5,2,2,2.0,3,3,3.0,4,4,4.0,0.007185055,0.000010859,0.000012446,0.009108969
2019-10-06,true,true,5,2,2,2.0,3,3,3.0,4,4,4.0,0.006922499,9.988e-6,0.000012142,0.007981624
2019-10-07,true,true,5,2,2,2.0,3,3,3.0,4,4,4.0,0.006917924,9.61e-6,0.00001236,0.007931973
2019-10-08,true,true,5,2,2,2.0,3,3,3.0,4,4,4.0,0.006822244,0.000010768,0.000012718,0.007874708
2019-10-09,true,true,5,2,2,2.0,3,3,3.0,4,4,4.0,0.006885994,0.000010136,0.000012255,0.008825989
2019-10-10,true,true,5,2,2,2.0,3,3,3.0,4,4,4.0,0.006852787,9.947e-6,0.000012067,0.007972981
2019-10-11,true,true,5,2,2,2.0,3,3,3.0,4,4,4.0,0.006854585,9.535e-6,0.000012375,0.008031183
2019-10-12,true,true,5,2,2,2.0,3,3,3.0,4,4,4.0,0.006782267,9.304e-6,0.00001178,0.007874599
2019-10-13,true,true,5,2,2,2.0,3,3,3.0,4,4,4.0,0.006649859,9.116e-6,0.000011898,0.00774599
2019-10-14,true,true,5,2,2,2.0,3,3,3.0,4,4,4.0,0.006674738,9.554e-6,0.000011829,0.007775728
2019-10-15,true,true,5,2,2,2.0,3,3,3.0,4,4,4.0,0.006592179,9.487e-6,0.000011929,0.007856578
2019-10-16,true,true,5,2,2,2.0,3,3,3.0,4,4,4.0,0.00674415,0.000010195,0.000011889,0.007873406
2019-10-17,true,true,5,2,2,2.0,3,3,3.0,4,4,4.0,0.007020599,9.196e-6,0.000012593,0.008351318
2019-10-18,true,true,5,2,2,2.0,3,3,3.0,4,4,4.0,0.00684543,9.62e-6,0.00001204,0.008080941
2019-10-19,true,true,5,2,2,2.0,3,3,3.0,4,4,4.0,0.006823764,8.632e-6,0.00001195,0.007999752
2019-10-20,true,true,5,2,2,2.0,3,3,3.0,4,4,4.0,0.006863184,9.168e-6,0.000011673,0.008042123
2019-10-21,true,true,5,2,2,2.0,3,3,3.0,4,4,4.0,0.006827948,8.879e-6,0.000011588,0.007994441
2019-10-22,true,true,5,2,2,2.0,3,3,3.0,4,4,4.0,0.006749991,8.997e-6,0.000011653,0.007942815
2019-10-23,true,true,5,2,2,2.0,3,3,3.0,4,4,4.0,0.006918442,8.903e-6,0.000012177,0.008141877
2019-10-24,true,true,5,2,2,2.0,3,3,3.0,4,4,4.0,0.006881685,9.362e-6,0.000012028,0.008149136
2019-10-25,true,true,5,2,2,2.0,3,3,3.0,4,4,4.0,0.006765543,9.052e-6,0.00001161,0.007956216
2019-10-26,true,true,5,2,2,2.0,3,3,3.0,4,4,4.0,0.006651138,0.000010163,0.00001244,0.007890521
2019-10-27,true,true,5,2,2,2.0,3,3,3.0,4,4,4.0,0.006577513,0.000010183,0.000012193,0.007796416
2019-10-28,true,true,5,2,2,2.0,3,3,3.0,4,4,4.0,0.006591583,9.637e-6,0.000012094,0.007874404
2019-10-29,true,true,5,2,2,2.0,3,3,3.0,4,4,4.0,0.00699781,9.466e-6,0.000012471,0.008232595
2019-10-30,true,true,5,2,2,2.0,3,3,3.0,4,4,4.0,0.006964124,9.141e-6,0.00001152,0.00843141
2019-10-31,true,true,6,2,2,2.0,4,4,4.0,5,5,5.0,0.367390414,0.000019195,0.000016152,0.368734813
2019-11-01,true,true,6,2,2,2.0,4,4,4.0,5,5,5.0,0.371677879,0.000021777,0.000016711,0.37322984
2019-11-02,true,true,6,2,2,2.0,4,4,4.0,5,5,5.0,0.370236955,0.000023882,0.000015832,0.371749001
2019-11-03,true,true,6,2,2,2.0,4,4,4.0,5,5,5.0,0.365874734,0.000284981,0.000018647,0.367599821
2019-11-04,true,true,6,2,2,2.0,4,4,4.0,5,5,5.0,0.369365579,0.000022222,0.000016465,0.371243149
2019-11-05,true,true,6,2,2,2.0,4,4,4.0,5,5,5.0,0.368965658,0.00002154,0.000015839,0.370396186
2019-11-06,true,true,6,2,2,2.0,4,4,4.0,5,5,5.0,0.363954824,0.000022121,0.000016853,0.365777845
2019-11-07,true,true,6,2,2,2.0,4,4,4.0,5,5,5.0,0.36711834,0.000020835,0.000015225,0.369162589
2019-11-08,true,true,6,2,2,2.0,4,4,4.0,5,5,5.0,0.375226754,0.000022953,0.000016101,0.377330275
2019-11-09,true,true,6,2,2,2.0,4,4,4.0,5,5,5.0,0.37317042,0.000019371,0.000015339,0.375020423
2019-11-10,true,true,6,2,2,2.0,4,4,4.0,5,5,5.0,0.385265881,0.000024938,0.0000168,0.387011268
2019-11-11,true,true,6,2,2,2.0,4,4,4.0,5,5,5.0,0.374212811,0.000023374,0.000016203,0.375613276
2019-11-12,true,true,6,2,2,2.0,4,4,4.0,5,5,5.0,0.390712384,0.00002134,0.000016132,0.392709223
2019-11-13,true,true,6,2,2,2.0,4,4,4.0,5,5,5.0,0.04209796,0.000017453,0.00001418,0.043465487
2019-11-14,true,true,6,2,2,2.0,4,4,4.0,5,5,5.0,0.042089203,0.000016715,0.000013325,0.043407904
2019-11-15,true,true,6,2,2,2.0,4,4,4.0,5,5,5.0,0.041480855,0.000016016,0.000013691,0.042759102
2019-11-16,true,true,6,2,2,2.0,4,4,4.0,5,5,5.0,0.051246168,0.00002171,0.000015365,0.055007224
2019-11-17,true,true,6,2,2,2.0,4,4,4.0,5,5,5.0,0.041750445,0.000020983,0.000015815,0.043251181
2019-11-18,true,true,6,2,2,2.0,4,4,4.0,5,5,5.0,0.041602429,0.000021357,0.000016331,0.042937427
2019-11-19,true,true,6,2,2,2.0,4,4,4.0,5,5,5.0,0.041624505,0.000020387,0.000015195,0.042992383
2019-11-20,true,true,6,2,2,2.0,4,4,4.0,5,5,5.0,0.041380809,0.000020223,0.000015497,0.042709676
2019-11-21,true,true,6,2,2,2.0,4,4,4.0,5,5,5.0,0.041503851,0.000017858,0.000014654,0.042863356
2019-11-22,true,true,6,2,2,2.0,4,4,4.0,5,5,5.0,0.040954406,0.000021396,0.000015977,0.042284495
2019-11-23,true,true,6,2,2,2.0,4,4,4.0,5,5,5.0,0.041110704,0.000021961,0.000016215,0.04241824
2019-11-24,true,true,6,2,2,2.0,4,4,4.0,5,5,5.0,0.041042372,0.00002052,0.00001587,0.042334403
2019-11-25,true,true,6,2,2,2.0,4,4,4.0,5,5,5.0,0.041107061,0.000019262,0.000015462,0.04240569
2019-11-26,true,true,6,2,2,2.0,4,4,4.0,5,5,5.0,0.040855819,0.000021494,0.00001624,0.042111178
2019-11-27,true,true,6,2,2,2.0,4,4,4.0,5,5,5.0,0.039634815,0.000019912,0.000014865,0.040891643
2019-11-28,true,true,6,2,2,2.0,4,4,4.0,5,5,5.0,0.039641991,0.000020314,0.000016101,0.040871275
2019-11-29,true,true,6,2,2,2.0,4,4,4.0,5,5,5.0,0.039865069,0.000020571,0.000015663,0.041155838
2019-11-30,true,true,6,2,2,2.0,4,4,4.0,5,5,5.0,0.039760046,0.000022474,0.000016145,0.041053646
2019-12-01,true,true,6,2,2,2.0,4,4,4.0,5,5,5.0,0.039678423,0.000021847,0.000015662,0.040974185
2019-12-02,true,true,6,2,2,2.0,4,4,4.0,5,5,5.0,0.039730134,0.000022208,0.000015463,0.041015712
2019-12-03,true,true,6,2,2,2.0,4,4,4.0,5,5,5.0,0.04269292,0.000021992,0.000016349,0.044021754
2019-12-04,true,true,6,2,2,2.0,4,4,4.0,5,5,5.0,0.042338168,0.00002045,0.000016979,0.043635134
2019-12-05,true,true,6,2,2,2.0,4,4,4.0,5,5,5.0,0.04281073,0.000021962,0.000016376,0.044145037
2019-12-06,true,true,6,2,2,2.0,4,4,4.0,5,5,5.0,0.042314695,0.000022078,0.000016246,0.04358453
2019-12-07,true,true,6,2,2,2.0,4,4,4.0,5,5,5.0,0.042845923,0.000021067,0.000016238,0.04417748
2019-12-08,true,true,6,2,2,2.0,4,4,4.0,5,5,5.0,0.042430651,0.000022089,0.000016161,0.043775224
2019-12-09,true,true,6,2,2,2.0,4,4,4.0,5,5,5.0,0.042787764,0.000022,0.000015679,0.044112373
2019-12-10,true,true,6,2,2,2.0,4,4,4.0,5,5,5.0,0.0424635,0.000022591,0.000016725,0.043782165
2019-12-11,true,true,6,2,2,2.0,4,4,4.0,5,5,5.0,0.042702645,0.000023835,0.000014837,0.044041222
2019-12-12,true,true,6,2,2,2.0,4,4,4.0,5,5,5.0,0.042333029,0.000022612,0.000017366,0.043649373
2019-12-13,true,true,6,2,2,2.0,4,4,4.0,5,5,5.0,0.042742753,0.000020603,0.000016553,0.044082372
2019-12-14,true,true,6,2,2,2.0,4,4,4.0,5,5,5.0,0.042587448,0.000021248,0.000016365,0.043893499
2019-12-15,true,true,6,2,2,2.0,4,4,4.0,5,5,5.0,0.043325624,0.000022873,0.000015841,0.044684501
2019-12-16,true,true,6,2,2,2.0,4,4,4.0,5,5,5.0,0.043322864,0.000021013,0.000015581,0.044599171
2019-12-17,true,true,6,2,2,2.0,4,4,4.0,5,5,5.0,0.042575914,0.000021121,0.000015954,0.043908487
2019-12-18,true,true,6,2,2,2.0,4,4,4.0,5,5,5.0,0.042417163,0.000021541,0.000015637,0.043709413
2019-12-19,true,true,6,2,2,2.0,4,4,4.0,5,5,5.0,0.041394235,0.000021896,0.000016104,0.042727083
2019-12-20,true,true,6,2,2,2.0,4,4,4.0,5,5,5.0,0.041580281,0.000022308,0.000015293,0.042877991
2019-12-21,true,true,6,2,2,2.0,4,4,4.0,5,5,5.0,0.041590453,0.000021205,0.000015626,0.04292273
2019-12-22,true,true,6,2,2,2.0,4,4,4.0,5,5,5.0,0.041395559,0.000020638,0.000016408,0.042721337
2019-12-23,true,true,6,2,2,2.0,4,4,4.0,5,5,5.0,0.042692888,0.00002291,0.000014877,0.044024256
2019-12-24,true,true,6,2,2,2.0,4,4,4.0,5,5,5.0,0.043380602,0.000022355,0.000016457,0.044697711
2019-12-25,true,true,6,2,2,2.0,4,4,4.0,5,5,5.0,0.042172878,0.000022064,0.00001671,0.043979871
2019-12-26,true,true,6,2,2,2.0,4,4,4.0,5,5,5.0,0.041456312,0.000022117,0.000015613,0.042824627
2019-12-27,true,true,6,2,2,2.0,4,4,4.0,5,5,5.0,0.041540197,0.000019604,0.000016029,0.042870012
2019-12-28,true,true,6,2,2,2.0,4,4,4.0,5,5,5.0,0.042205057,0.000022857,0.000016103,0.043534959
2019-12-29,true,true,6,2,2,2.0,4,4,4.0,5,5,5.0,0.041537991,0.000021522,0.000016351,0.042852735
2019-12-30,true,true,6,2,2,2.0,4,4,4.0,5,5,5.0,0.041307539,0.000022308,0.000015874,0.042609966
2019-12-31,true,true,6,2,2,2.0,4,4,4.0,5,5,5.0,0.041286256,0.000020493,0.00001586,0.042621708
2020-01-01,true,true,6,2,2,2.0,4,4,4.0,5,5,5.0,0.04128046,0.000021769,0.000016158,0.042592292
2020-01-02,true,true,6,2,2,2.0,4,4,4.0,5,5,5.0,0.041247089,0.000018728,0.000015537,0.042570899
2020-01-03,true,true,6,2,2,2.0,4,4,4.0,5,5,5.0,0.041375667,0.00002094,0.00001611,0.042656193
2020-01-04,true,true,6,2,2,2.0,4,4,4.0,5,5,5.0,0.041244175,0.00001914,0.000014941,0.042544211
2020-01-05,true,true,6,2,2,2.0,4,4,4.0,5,5,5.0,0.04121094,0.000018524,0.000015177,0.042506492
2020-01-06,true,true,6,2,2,2.0,4,4,4.0,5,5,5.0,0.041816169,0.000020118,0.000015139,0.043032169
2020-01-07,true,true,6,2,2,2.0,4,4,4.0,5,5,5.0,0.041333543,0.000021519,0.000016849,0.042561978
2020-01-08,true,true,6,2,2,2.0,4,4,4.0,5,5,5.0,0.041618138,0.000021413,0.000016854,0.042922932
2020-01-09,true,true,6,2,2,2.0,4,4,4.0,5,5,5.0,0.041447076,0.000023849,0.000016098,0.042729799
2020-01-10,true,true,6,2,2,2.0,4,4,4.0,5,5,5.0,0.041522678,0.000020427,0.000014797,0.042814606
2020-01-11,true,true,6,2,2,2.0,4,4,4.0,5,5,5.0,0.041386377,0.000022417,0.000016008,0.042697975
2020-01-12,true,true,6,2,2,2.0,4,4,4.0,5,5,5.0,0.041462198,0.000020749,0.000015388,0.042749453
2020-01-13,true,true,6,2,2,2.0,4,4,4.0,5,5,5.0,0.041271599,0.000021752,0.0000164,0.042577207
2020-01-14,true,true,6,2,2,2.0,4,4,4.0,5,5,5.0,0.041518975,0.000020741,0.000015036,0.04281245
2020-01-15,true,true,6,2,2,2.0,4,4,4.0,5,5,5.0,0.04131418,0.000021228,0.0000155,0.042627292
2020-01-16,true,true,6,2,2,2.0,4,4,4.0,5,5,5.0,0.041392045,0.000021218,0.000015398,0.04274644
2020-01-17,true,true,6,2,2,2.0,4,4,4.0,5,5,5.0,0.041291326,0.00002136,0.000014892,0.042620585
2020-01-18,true,true,6,2,2,2.0,4,4,4.0,5,5,5.0,0.041495879,0.000020574,0.000015602,0.042870057
2020-01-19,true,true,6,2,2,2.0,4,4,4.0,5,5,5.0,0.041340821,0.000023081,0.000016385,0.042740008
2020-01-20,true,true,6,2,2,2.0,4,4,4.0,5,5,5.0,0.041698625,0.000024016,0.000015704,0.043035072
2020-01-21,true,true,6,2,2,2.0,4,4,4.0,5,5,5.0,0.041511318,0.000024696,0.000015892,0.042872637
2020-01-22,true,true,6,2,2,2.0,4,4,4.0,5,5,5.0,0.041551431,0.000021785,0.000016116,0.042955389
2020-01-23,true,true,6,2,2,2.0,4,4,4.0,5,5,5.0,0.041617781,0.000022976,0.000016299,0.043009384
2020-01-24,true,true,6,2,2,2.0,4,4,4.0,5,5,5.0,0.326365129,0.000026214,0.000015171,0.327821215
2020-01-25,true,true,6,2,2,2.0,4,4,4.0,5,5,5.0,0.331052446,0.000028931,0.000018929,0.332465204
2020-01-26,true,true,6,2,2,2.0,4,4,4.0,5,5,5.0,0.326259642,0.000025954,0.000015957,0.328419187
2020-01-27,true,true,6,2,2,2.0,4,4,4.0,5,5,5.0,0.356941772,0.000026733,0.000016772,0.358501906
2020-01-28,true,true,6,2,2,2.0,4,4,4.0,5,5,5.0,0.326512533,0.00002448,0.000015393,0.328463631
2020-01-29,true,true,6,2,2,2.0,4,4,4.0,5,5,5.0,0.343796345,0.000025101,0.000016746,0.345278306
2020-01-30,true,true,6,2,2,2.0,4,4,4.0,5,5,5.0,0.348100197,0.00002611,0.000016396,0.350034769
2020-01-31,true,true,6,2,2,2.0,4,4,4.0,5,5,5.0,0.367856029,0.000025392,0.000015912,0.369340815
2020-02-01,true,true,7,2,3,2.066666666666667,3,4,3.6,5,5,5.0,0.346020471,0.00002663,0.000015301,0.347923952
2020-02-02,true,true,7,2,3,2.066666666666667,3,4,3.6,5,5,5.0,0.343326068,0.000026804,0.000016935,0.344773425
2020-02-03,true,true,7,2,3,2.066666666666667,3,4,3.6,5,5,5.0,0.349385898,0.000027296,0.000016509,0.351270289
2020-02-04,true,true,7,2,3,2.066666666666667,3,4,3.6,5,5,5.0,0.344994117,0.000027106,0.000016688,0.346507641
2020-02-05,true,true,7,2,3,2.066666666666667,3,4,3.6,5,5,5.0,0.3482504,0.00002825,0.000015615,0.350173414
2020-02-06,true,true,7,3,3,3.0,3,3,3.0,5,5,5.0,0.147133923,0.000047859,0.000057098,0.148692584
2020-02-07,true,true,7,3,3,3.0,3,3,3.0,5,5,5.0,0.14704015,0.00004485,0.000057131,0.148649559
2020-02-08,true,true,7,3,3,3.0,3,3,3.0,5,5,5.0,0.148626521,0.00004525,0.000056199,0.150388935
2020-02-09,true,true,7,3,3,3.0,3,3,3.0,5,5,5.0,0.14703671,0.000045051,0.00005768,0.148632822
2020-02-10,true,true,7,3,3,3.0,3,3,3.0,5,5,5.0,0.146875338,0.000045542,0.000057258,0.148434145
2020-02-11,true,true,7,3,3,3.0,3,3,3.0,5,5,5.0,0.14612513,0.000044121,0.000057506,0.14775497
2020-02-12,true,true,7,3,3,3.0,3,3,3.0,5,5,5.0,0.146924159,0.000046066,0.000057107,0.148527688
2020-02-13,true,true,7,3,3,3.0,3,3,3.0,5,5,5.0,0.146123499,0.000045802,0.00006293,0.147757945
2020-02-14,true,true,7,3,3,3.0,3,3,3.0,5,5,5.0,0.147260362,0.000045847,0.000058143,0.148886587
2020-02-15,true,true,7,3,3,3.0,3,3,3.0,5,5,5.0,0.146633241,0.000047869,0.000057486,0.148252513
2020-02-16,true,true,7,3,3,3.0,3,3,3.0,5,5,5.0,0.146309595,0.000045293,0.000056498,0.14790022
2020-02-17,true,true,7,3,3,3.0,3,3,3.0,5,5,5.0,0.147047075,0.000046404,0.000056758,0.14851393
2020-02-18,true,true,7,3,3,3.0,3,3,3.0,5,5,5.0,0.148298672,0.00004435,0.000056049,0.149745207
2020-02-19,true,true,7,3,3,3.0,3,3,3.0,5,5,5.0,0.147015238,0.0000431,0.000055521,0.148422482
2020-02-20,true,true,7,3,3,3.0,3,3,3.0,5,5,5.0,0.148084587,0.000046028,0.000057041,0.149467904
2020-02-21,true,true,7,3,3,3.0,3,3,3.0,5,5,5.0,0.146499943,0.000043912,0.000055444,0.147872929
2020-02-22,true,true,7,3,3,3.0,3,3,3.0,5,5,5.0,0.147219223,0.000046596,0.000056509,0.148575737
2020-02-23,true,true,7,3,3,3.0,3,3,3.0,5,5,5.0,0.147421702,0.000046329,0.000056174,0.148782575
2020-02-24,true,true,7,3,3,3.0,3,3,3.0,5,5,5.0,0.147440089,0.000048021,0.000058337,0.148919627
2020-02-25,true,true,7,3,3,3.0,3,3,3.0,5,5,5.0,0.147522656,0.000048104,0.000058243,0.148868352
2020-02-26,true,true,7,3,3,3.0,3,3,3.0,5,5,5.0,0.147699704,0.0000441,0.000057455,0.149062902
2020-02-27,true,true,7,3,3,3.0,3,3,3.0,5,5,5.0,0.147796386,0.000045533,0.000058615,0.149151006
2020-02-28,true,true,7,3,3,3.0,3,3,3.0,5,5,5.0,0.14779852,0.000045592,0.000056061,0.149116174
2020-02-29,true,true,7,3,3,3.0,3,3,3.0,5,5,5.0,0.144415485,0.000046173,0.000055627,0.145782918
2020-03-01,true,true,7,3,3,3.0,3,3,3.0,5,5,5.0,0.144389377,0.000043945,0.000056981,0.14575303
2020-03-02,true,true,7,3,3,3.0,3,3,3.0,5,5,5.0,0.144769722,0.000047192,0.000057904,0.146121323
2020-03-03,true,true,7,3,3,3.0,3,3,3.0,5,5,5.0,0.149508322,0.00004162,0.00005705,0.150834429
2020-03-04,true,true,7,3,3,3.0,3,3,3.0,5,5,5.0,0.149200304,0.000046026,0.000056515,0.150555647
2020-03-05,true,true,7,3,3,3.0,3,3,3.0,5,5,5.0,0.149555726,0.000051418,0.000059958,0.150936439
2020-03-06,true,true,7,3,3,3.0,3,3,3.0,5,5,5.0,0.149770538,0.000046205,0.000055838,0.151118072
2020-03-07,true,true,7,3,3,3.0,3,3,3.0,5,5,5.0,0.152298508,0.000042226,0.000057447,0.153908442
2020-03-08,true,true,7,3,3,3.0,3,3,3.0,5,5,5.0,0.147979384,0.00005205,0.000057777,0.149315655
2020-03-09,true,true,7,3,3,3.0,3,3,3.0,5,5,5.0,0.14791885,0.000046591,0.000055056,0.149242914
2020-03-10,true,true,7,3,3,3.0,3,3,3.0,5,5,5.0,0.147801446,0.000044793,0.000055961,0.149105841
2020-03-11,true,true,7,3,3,3.0,3,3,3.0,5,5,5.0,0.148301445,0.000042172,0.000058982,0.149641977
2020-03-12,true,true,7,3,3,3.0,3,3,3.0,5,5,5.0,0.147157015,0.000043647,0.000055354,0.148547531
2020-03-13,true,true,7,3,3,3.0,3,3,3.0,5,5,5.0,0.148329163,0.000045215,0.000057282,0.149778562
2020-03-14,true,true,7,3,3,3.0,3,3,3.0,5,5,5.0,0.148664935,0.000045617,0.000058511,0.15011701
2020-03-15,true,true,7,3,3,3.0,3,3,3.0,5,5,5.0,0.150047139,0.000044204,0.000056697,0.151477374
2020-03-16,true,true,7,3,3,3.0,3,3,3.0,5,5,5.0,0.149524792,0.000044771,0.000057066,0.15095248
2020-03-17,true,true,7,3,3,3.0,3,3,3.0,5,5,5.0,0.154194733,0.000048063,0.00006097,0.155615711
2020-03-18,true,true,7,3,3,3.0,3,3,3.0,5,5,5.0,0.154186224,0.000060709,0.000065754,0.155809476
2020-03-19,true,true,7,3,3,3.0,3,3,3.0,5,5,5.0,0.161869962,0.000045445,0.000058357,0.16345026
2020-03-20,true,true,7,3,3,3.0,3,3,3.0,5,5,5.0,0.155256908,0.000043293,0.000055385,0.156922684
2020-03-21,true,true,7,3,3,3.0,3,3,3.0,5,5,5.0,0.152675415,0.000042811,0.000056587,0.154139108
2020-03-22,true,true,7,3,3,3.0,3,3,3.0,5,5,5.0,0.161336094,0.000042896,0.000055438,0.162714769
2020-03-23,true,true,7,3,3,3.0,3,3,3.0,5,5,5.0,0.160705081,0.000041618,0.000056918,0.162251399
2020-03-24,true,true,7,3,3,3.0,3,3,3.0,5,5,5.0,0.151963093,0.000043546,0.00005941,0.153316328
2020-03-25,true,true,7,3,3,3.0,3,3,3.0,5,5,5.0,0.149305597,0.000049968,0.000064554,0.15068465
2020-03-26,true,true,7,3,3,3.0,3,3,3.0,5,5,5.0,0.147782659,0.000046953,0.000056204,0.149083791
2020-03-27,true,true,7,3,3,3.0,3,3,3.0,5,5,5.0,0.14799907,0.000043511,0.000079799,0.149492527
2020-03-28,true,true,7,3,3,3.0,3,3,3.0,5,5,5.0,0.146829517,0.00004234,0.000058517,0.148207052
2020-03-29,true,true,7,3,3,3.0,3,3,3.0,5,5,5.0,0.148091165,0.000042867,0.000059167,0.149425784
2020-03-30,true,true,7,3,3,3.0,3,3,3.0,5,5,5.0,0.146571434,0.000044876,0.000056613,0.147898546
2020-03-31,true,true,7,3,3,3.0,3,3,3.0,5,5,5.0,0.147189656,0.000044614,0.000057006,0.148529449
2020-04-01,true,true,7,3,3,3.0,3,3,3.0,5,5,5.0,0.147056998,0.000043939,0.000056136,0.148555402
2020-04-02,true,true,7,3,3,3.0,3,3,3.0,5,5,5.0,0.147462938,0.000046726,0.000054276,0.148778875
2020-04-03,true,true,7,3,3,3.0,3,3,3.0,5,5,5.0,0.146013689,0.000045924,0.000058024,0.147281828
2020-04-04,true,true,7,3,3,3.0,3,3,3.0,5,5,5.0,0.147355347,0.000044179,0.000055551,0.148675646
2020-04-05,true,true,7,3,3,3.0,3,3,3.0,5,5,5.0,0.145677472,0.000041102,0.000057333,0.147000471
2020-04-06,true,true,7,3,3,3.0,3,3,3.0,5,5,5.0,0.145990095,0.000044881,0.000057332,0.147278961
2020-04-07,true,true,7,3,3,3.0,3,3,3.0,5,5,5.0,0.144527704,0.000043973,0.000056173,0.145762897
2020-04-08,true,true,7,3,3,3.0,3,3,3.0,5,5,5.0,0.144979862,0.000044465,0.000057961,0.146260698
2020-04-09,true,true,7,3,3,3.0,3,3,3.0,5,5,5.0,0.143540843,0.000043288,0.000055788,0.144828854
2020-04-10,true,true,7,3,3,3.0,3,3,3.0,5,5,5.0,0.14745302,0.000042847,0.000057086,0.148759089
2020-04-11,true,true,7,3,3,3.0,3,3,3.0,5,5,5.0,0.146637207,0.000042457,0.000057873,0.147887037
2020-04-12,true,true,7,3,3,3.0,3,3,3.0,5,5,5.0,0.147686793,0.000044404,0.000059057,0.148982939
2020-04-13,true,true,7,3,3,3.0,3,3,3.0,5,5,5.0,0.146157014,0.000043413,0.000058498,0.147448817
2020-04-14,true,true,7,3,3,3.0,3,3,3.0,5,5,5.0,0.146458439,0.000043836,0.00005794,0.147813359
2020-04-15,true,true,7,3,3,3.0,3,3,3.0,5,5,5.0,0.145810092,0.00004281,0.000054697,0.147094962
2020-04-16,true,true,7,3,3,3.0,3,3,3.0,5,5,5.0,0.14618925,0.000042118,0.000058814,0.147505486
2020-04-17,true,true,7,3,3,3.0,3,3,3.0,5,5,5.0,0.14683089,0.000039932,0.000056629,0.148172015
2020-04-18,true,true,7,3,3,3.0,3,3,3.0,5,5,5.0,0.147088252,0.000040288,0.000056338,0.148454944
2020-04-19,true,true,7,3,3,3.0,3,3,3.0,5,5,5.0,0.147034885,0.000039201,0.00005602,0.148394721
2020-04-20,true,true,7,3,3,3.0,3,3,3.0,5,5,5.0,0.148156402,0.000039394,0.000054086,0.1494978
2020-04-21,true,true,7,3,3,3.0,3,3,3.0,5,5,5.0,0.145800862,0.000044748,0.000057321,0.147135206
2020-04-22,true,true,7,3,3,3.0,3,3,3.0,5,5,5.0,0.145885869,0.000041225,0.000059545,0.14725202
2020-04-23,true,true,7,3,3,3.0,3,3,3.0,5,5,5.0,0.146756741,0.000040093,0.00005826,0.148057037
2020-04-24,true,true,7,3,3,3.0,3,3,3.0,5,5,5.0,0.145798357,0.000041165,0.000058302,0.147087064
2020-04-25,true,true,7,3,3,3.0,3,3,3.0,5,5,5.0,0.146429424,0.000040727,0.000056383,0.147716558
2020-04-26,true,true,7,3,3,3.0,3,3,3.0,5,5,5.0,0.146460311,0.000045046,0.000057857,0.147777498
2020-04-27,true,true,7,3,3,3.0,3,3,3.0,5,5,5.0,0.146741395,0.000040352,0.000056464,0.148004264
2020-04-28,true,true,7,3,3,3.0,3,3,3.0,5,5,5.0,0.14656686,0.000043954,0.000055463,0.147849606
2020-04-29,true,true,7,3,3,3.0,3,3,3.0,5,5,5.0,0.14711612,0.00004461,0.00005632,0.148416226
2020-04-30,true,true,7,3,3,3.0,3,3,3.0,5,5,5.0,0.146238877,0.000044143,0.000057025,0.147535478
2020-05-01,true,true,7,3,3,3.0,3,3,3.0,5,5,5.0,0.148125911,0.00004339,0.000057227,0.149363637
2020-05-02,true,true,7,3,3,3.0,3,3,3.0,5,5,5.0,0.147624949,0.000044713,0.000055988,0.148938523
2020-05-03,true,true,7,3,3,3.0,3,3,3.0,5,5,5.0,0.148213171,0.000042853,0.000054607,0.149449969
2020-05-04,true,true,7,3,3,3.0,3,3,3.0,5,5,5.0,0.147815481,0.000044111,0.000055317,0.149125138
2020-05-05,true,true,7,3,3,3.0,3,3,3.0,5,5,5.0,0.146038443,0.000041308,0.000057453,0.147373742
2020-05-06,true,true,7,3,3,3.0,3,3,3.0,5,5,5.0,0.145986118,0.00004171,0.000055727,0.147324788
2020-05-07,true,true,7,3,3,3.0,3,3,3.0,5,5,5.0,0.147216436,0.000039833,0.000058635,0.148542427
2020-05-08,true,true,7,3,3,3.0,3,3,3.0,5,5,5.0,0.145954863,0.000042383,0.000058187,0.147297566
2020-05-09,true,true,7,3,3,3.0,3,3,3.0,5,5,5.0,0.14606496,0.000044284,0.000058417,0.147377943
2020-05-10,true,true,7,3,3,3.0,3,3,3.0,5,5,5.0,0.145944226,0.000044949,0.000055948,0.147275844
2020-05-11,true,true,7,3,3,3.0,3,3,3.0,5,5,5.0,0.14530883,0.00003884,0.000056753,0.14662484
2020-05-12,true,true,7,3,3,3.0,3,3,3.0,5,5,5.0,0.144180574,0.000041809,0.000055684,0.145533558
2020-05-13,true,true,7,3,3,3.0,3,3,3.0,5,5,5.0,0.144062392,0.000039574,0.000054451,0.145341187
2020-05-14,true,true,7,3,3,3.0,3,3,3.0,5,5,5.0,0.145363673,0.000042294,0.000055835,0.146672134
2020-05-15,true,true,7,3,3,3.0,3,3,3.0,5,5,5.0,0.148752291,0.000040649,0.000055122,0.150033444
2020-05-16,true,true,7,3,3,3.0,3,3,3.0,5,5,5.0,0.149067769,0.000044592,0.000058155,0.150371813
2020-05-17,true,true,7,3,3,3.0,3,3,3.0,5,5,5.0,0.146689623,0.000041972,0.000059401,0.147935158
2020-05-18,true,true,7,3,3,3.0,3,3,3.0,5,5,5.0,0.147283109,0.000055217,0.000058258,0.148658729
2020-05-19,true,true,7,3,3,3.0,3,3,3.0,5,5,5.0,0.149083268,0.000039903,0.000057396,0.15035732
2020-05-20,true,true,7,3,3,3.0,3,3,3.0,5,5,5.0,0.147861634,0.000043121,0.00005858,0.149127604
2020-05-21,true,true,7,3,3,3.0,3,3,3.0,5,5,5.0,0.148376955,0.000044365,0.000058457,0.14966586
2020-05-22,true,true,7,3,3,3.0,3,3,3.0,5,5,5.0,0.146901679,0.000042296,0.000056013,0.148174189
2020-05-23,true,true,7,2,3,2.3333333333333335,3,3,3.0,5,5,5.0,0.791630593,0.000027432,0.000023221,0.792849909
2020-05-24,true,true,7,2,3,2.3333333333333335,3,3,3.0,5,5,5.0,0.813876111,0.000025241,0.000023954,0.81507064
2020-05-25,true,true,7,2,3,2.3333333333333335,3,3,3.0,5,5,5.0,0.794333437,0.000028445,0.000023717,0.795529875
2020-05-26,true,true,7,2,3,2.3333333333333335,3,3,3.0,5,5,5.0,0.72153383,0.000027243,0.000025874,0.722788388
2020-05-27,true,true,7,2,3,2.3333333333333335,3,3,3.0,5,5,5.0,0.727701567,0.000026661,0.000023943,0.728944693
2020-05-28,true,true,7,2,3,2.3333333333333335,3,3,3.0,5,5,5.0,0.741266146,0.000027459,0.000025255,0.742591858
2020-05-29,true,true,7,2,3,2.3333333333333335,3,3,3.0,5,5,5.0,0.744942595,0.000026817,0.000023545,0.746175676
2020-05-30,true,true,7,3,3,3.0,3,3,3.0,5,5,5.0,0.147423267,0.000046904,0.00005906,0.149289564
2020-05-31,true,true,7,3,3,3.0,3,3,3.0,5,5,5.0,0.146937622,0.000043738,0.00005796,0.148292127
2020-06-01,true,true,7,3,3,3.0,3,3,3.0,5,5,5.0,0.146254141,0.000044386,0.000056164,0.147612018
2020-06-02,true,true,7,3,3,3.0,3,3,3.0,5,5,5.0,0.152921193,0.000043151,0.000056403,0.156365504
2020-06-03,true,true,7,3,3,3.0,3,3,3.0,5,5,5.0,0.147038919,0.000046577,0.000058217,0.148941769
2020-06-04,true,true,7,3,3,3.0,3,3,3.0,5,5,5.0,0.146275815,0.000042749,0.00006015,0.147591741
2020-06-05,true,true,7,3,3,3.0,3,3,3.0,5,5,5.0,0.145525508,0.000054832,0.000066039,0.146838688
2020-06-06,true,true,7,3,3,3.0,3,3,3.0,5,5,5.0,0.148402164,0.00004579,0.000058096,0.14967523
2020-06-07,true,true,7,3,3,3.0,3,3,3.0,5,5,5.0,0.145628651,0.000042029,0.000061524,0.14688097
2020-06-08,true,true,7,3,3,3.0,3,3,3.0,5,5,5.0,0.147616634,0.00004359,0.000069781,0.148876783
2020-06-09,true,true,7,3,3,3.0,3,3,3.0,5,5,5.0,0.145731972,0.000039604,0.000057414,0.147001787
2020-06-10,true,true,7,3,3,3.0,3,3,3.0,5,5,5.0,0.148323072,0.000039294,0.000056727,0.149595653
2020-06-11,true,true,7,3,3,3.0,3,3,3.0,5,5,5.0,0.145882824,0.000044374,0.00005748,0.14714506
2020-06-12,true,true,7,3,3,3.0,3,3,3.0,5,5,5.0,0.145417484,0.000043949,0.000059641,0.146688888
2020-06-13,true,true,7,3,3,3.0,3,3,3.0,5,5,5.0,0.145346159,0.000042497,0.000055457,0.146629793
2020-06-14,true,true,7,3,3,3.0,3,3,3.0,5,5,5.0,0.145671507,0.000044478,0.000057649,0.146980346
2020-06-15,true,true,7,3,3,3.0,3,3,3.0,5,5,5.0,0.145944346,0.000042541,0.000058553,0.147195881
2020-06-16,true,true,7,3,3,3.0,3,3,3.0,5,5,5.0,0.153021524,0.000044968,0.00005619,0.156673686
2020-06-17,true,true,7,3,3,3.0,3,3,3.0,5,5,5.0,0.161929117,0.000057747,0.000082331,0.165828276
2020-06-18,true,true,7,3,3,3.0,3,3,3.0,5,5,5.0,0.155169212,0.00004155,0.000058028,0.157015105
2020-06-19,true,true,7,3,3,3.0,3,3,3.0,5,5,5.0,0.16279374,0.000044509,0.000063071,0.165183143
2020-06-20,true,true,7,3,3,3.0,3,3,3.0,5,5,5.0,0.151651238,0.000037894,0.000055284,0.153193487
2020-06-21,true,true,7,3,3,3.0,3,3,3.0,5,5,5.0,0.149662418,0.000038431,0.000056763,0.151985902
2020-06-22,true,true,7,3,3,3.0,3,3,3.0,5,5,5.0,0.159301101,0.000042195,0.00005611,0.162232373
2020-06-23,true,true,7,3,3,3.0,3,3,3.0,5,5,5.0,0.16081891,0.000043185,0.000059774,0.165660133
2020-06-24,true,true,7,3,3,3.0,3,3,3.0,5,5,5.0,0.173037833,0.000041682,0.000055991,0.175252381
2020-06-25,true,true,7,3,3,3.0,3,3,3.0,5,5,5.0,0.158337694,0.000048015,0.000055883,0.160582304
2020-06-26,true,true,7,3,3,3.0,3,3,3.0,5,5,5.0,0.151139293,0.000047566,0.000057964,0.152960878
2020-06-27,true,true,7,3,3,3.0,3,3,3.0,5,5,5.0,0.167968125,0.000045784,0.000059067,0.171183402
2020-06-28,true,true,7,3,3,3.0,3,3,3.0,5,5,5.0,0.178701113,0.00005489,0.000061444,0.182565109
2020-06-29,true,true,7,3,3,3.0,3,3,3.0,5,5,5.0,0.151358419,0.000047248,0.000057612,0.153913289
2020-06-30,true,true,7,3,3,3.0,3,3,3.0,5,5,5.0,0.176127974,0.000048546,0.000061133,0.179759936
2020-07-01,true,true,7,3,3,3.0,3,3,3.0,5,5,5.0,0.151993621,0.000050104,0.000067998,0.153923784
2020-07-02,true,true,7,3,3,3.0,3,3,3.0,5,5,5.0,0.157338434,0.000060276,0.000082471,0.159664169
2020-07-03,true,true,7,3,3,3.0,3,3,3.0,5,5,5.0,0.191089091,0.000062522,0.00009022,0.205024818
2020-07-04,true,true,7,3,3,3.0,3,3,3.0,5,5,5.0,0.152364123,0.000057457,0.000057134,0.154438899
2020-07-05,true,true,7,3,3,3.0,3,3,3.0,5,5,5.0,0.174703987,0.000055444,0.000086505,0.177399092
2020-07-06,true,true,7,3,3,3.0,3,3,3.0,5,5,5.0,0.212968272,0.000052182,0.000057607,0.21548262
2020-07-07,true,true,7,3,3,3.0,3,3,3.0,5,5,5.0,0.163514717,0.000060046,0.000080278,0.165544877
2020-07-08,true,true,7,3,3,3.0,3,3,3.0,5,5,5.0,0.159938743,0.000044234,0.000068245,0.181146685
2020-07-09,true,true,7,3,3,3.0,3,3,3.0,5,5,5.0,0.156082941,0.000047546,0.000056819,0.159436652
2020-07-10,true,true,7,3,3,3.0,3,3,3.0,5,5,5.0,0.157965736,0.000045549,0.000063314,0.161956683
2020-07-11,true,true,7,3,3,3.0,3,3,3.0,5,5,5.0,0.14958749,0.0000524,0.000056594,0.154484723
2020-07-12,true,true,7,3,3,3.0,3,3,3.0,5,5,5.0,0.15036732,0.000055614,0.000056793,0.155045913
2020-07-13,true,true,7,3,3,3.0,3,3,3.0,5,5,5.0,0.152255631,0.000055339,0.000056773,0.155034797
2020-07-14,true,true,7,3,3,3.0,3,3,3.0,5,5,5.0,0.151946381,0.000048539,0.000066896,0.15523555
2020-07-15,true,true,7,3,3,3.0,3,3,3.0,5,5,5.0,0.186561285,0.000038832,0.000058544,0.190454791
2020-07-16,true,true,7,3,3,3.0,3,3,3.0,5,5,5.0,0.196625735,0.000053466,0.000056239,0.200560827
2020-07-17,true,true,7,3,3,3.0,3,3,3.0,5,5,5.0,0.153018629,0.000062537,0.000067822,0.156187855
2020-07-18,true,true,7,3,3,3.0,3,3,3.0,5,5,5.0,0.152703638,0.000059679,0.000059308,0.157881115
2020-07-19,true,true,7,3,3,3.0,3,3,3.0,5,5,5.0,0.178615451,0.000063911,0.000077382,0.18163995
